order_id,customer_id,data_pedido,categoria,subcategoria,preco_unitario,quantidade,desconto_pct,status_pedido,cidade,avaliacao,valor_total
1001,103,2023-09-12,Eletronicos,Celular,1200.0,1,15,Em transito,Curitiba,,1020.0
1002,271,2023-07-08,Casa & Jardim,Sofa,900.0,5,0,Entregue,Porto Alegre,4.0,4500.0
1003,107,2023-09-23,Roupas,Blusa,80.0,5,0,Entregue,Porto Alegre,4.0,400.0
1004,72,2023-05-17,Eletronicos,Relogio,350.0,3,20,Entregue,Belo Horizonte,2.0,840.0
1005,189,2023-02-12,Livros,Romance,40.0,2,15,Entregue,Belo Horizonte,5.0,68.0
1006,21,2023-08-06,Livros,Tecnico,120.0,1,5,Entregue,Rio de Janeiro,5.0,114.0
1007,103,2023-02-10,Eletronicos,Celular,1200.0,3,0,Em transito,Rio de Janeiro,,3600.0
1008,122,2023-08-09,Eletronicos,Celular,1200.0,2,20,Pendente,Porto Alegre,,1920.0
1009,215,2023-11-05,Roupas,Calca,120.0,2,15,Em transito,Belo Horizonte,,204.0
1010,88,2023-04-03,Livros,Romance,40.0,4,15,Entregue,Sao Paulo,4.0,136.0
1011,100,2023-10-07,Livros,Romance,40.0,1,5,Entregue,Curitiba,4.0,38.0
1012,152,2023-05-31,Livros,Tecnico,120.0,2,20,Entregue,Belo Horizonte,4.0,192.0
1013,131,2023-06-14,Roupas,Short,60.0,3,15,Entregue,Belo Horizonte,4.0,153.0
1014,150,2023-02-22,Livros,Tecnico,120.0,4,0,Pendente,Rio de Janeiro,,480.0
1015,258,2023-02-10,Eletronicos,Celular,1200.0,1,5,Entregue,Curitiba,2.0,1140.0
1016,294,2023-06-17,Esportes,Bicicleta,1500.0,5,20,Pendente,Porto Alegre,,6000.0
1017,192,2023-12-05,Casa & Jardim,Sofa,900.0,3,5,Pendente,Belo Horizonte,,2565.0
1018,277,2023-06-01,Roupas,Short,60.0,2,0,Entregue,Porto Alegre,5.0,120.0
1019,161,2023-06-06,Eletronicos,Celular,1200.0,2,20,Entregue,Belo Horizonte,3.0,1920.0
1020,22,2023-08-17,Esportes,Tenis,250.0,3,5,Entregue,Porto Alegre,2.0,712.5
1021,253,2023-11-05,Casa & Jardim,Vaso,70.0,2,10,Entregue,Curitiba,4.0,126.0
1022,236,2023-08-07,Livros,Tecnico,120.0,4,0,Pendente,Rio de Janeiro,,480.0
1023,49,2023-03-27,Eletronicos,Relogio,350.0,1,0,Entregue,Curitiba,5.0,350.0
1024,59,2023-12-20,Esportes,Haltere,200.0,4,0,Entregue,Sao Paulo,4.0,800.0
1025,170,2023-08-16,Eletronicos,Camera,800.0,2,10,Entregue,Rio de Janeiro,3.0,1440.0
1026,188,2023-06-29,Eletronicos,Relogio,350.0,5,10,Em transito,Curitiba,,1575.0
1027,271,2023-08-17,Casa & Jardim,Luminaria,150.0,1,15,Entregue,Sao Paulo,4.0,127.5
1028,190,2023-01-22,Livros,Tecnico,120.0,1,5,Pendente,Belo Horizonte,,114.0
1029,175,2023-06-30,Livros,Romance,40.0,3,15,Entregue,Belo Horizonte,4.0,102.0
1030,51,2023-11-11,Eletronicos,Celular,1200.0,3,5,Pendente,Porto Alegre,,3420.0
1031,55,2023-08-11,Roupas,Short,60.0,5,10,Pendente,Rio de Janeiro,,270.0
1032,244,2023-05-21,Eletronicos,Celular,1200.0,1,10,Entregue,Belo Horizonte,3.0,1080.0
1033,131,2023-11-24,Eletronicos,Camera,800.0,5,15,Entregue,Rio de Janeiro,2.0,3400.0
1034,135,2023-01-30,Casa & Jardim,Vaso,70.0,3,20,Pendente,Belo Horizonte,,168.0
1035,21,2023-02-08,Casa & Jardim,Sofa,900.0,3,15,Entregue,Porto Alegre,4.0,2295.0
1036,167,2023-12-10,Casa & Jardim,Vaso,70.0,1,5,Pendente,Curitiba,,66.5
1037,274,2023-11-23,Roupas,Calca,120.0,4,15,Entregue,Porto Alegre,2.0,408.0
1038,89,2023-07-27,Casa & Jardim,Luminaria,150.0,2,0,Cancelado,Sao Paulo,,300.0
1039,14,2023-07-06,Eletronicos,Relogio,350.0,3,5,Pendente,Belo Horizonte,,997.5
1040,242,2023-09-20,Roupas,Calca,120.0,3,5,Cancelado,Sao Paulo,,342.0
1041,265,2023-12-14,Roupas,Blusa,80.0,4,20,Entregue,Sao Paulo,5.0,256.0
1042,53,2023-03-23,Esportes,Bicicleta,1500.0,4,10,Entregue,Rio de Janeiro,2.0,5400.0
1043,92,2023-01-16,Casa & Jardim,Luminaria,150.0,5,5,Entregue,Belo Horizonte,4.0,712.5
1044,264,2023-03-15,Livros,Romance,40.0,5,10,Entregue,Sao Paulo,4.0,180.0
1045,35,2023-11-08,Casa & Jardim,Sofa,900.0,2,15,Entregue,Curitiba,5.0,1530.0
1046,206,2023-12-14,Roupas,Blusa,80.0,2,0,Entregue,Sao Paulo,5.0,160.0
1047,81,2023-08-13,Casa & Jardim,Vaso,70.0,1,20,Pendente,Curitiba,,56.0
1048,50,2023-01-18,Casa & Jardim,Sofa,900.0,5,10,Entregue,Rio de Janeiro,5.0,4050.0
1049,2,2023-03-06,Roupas,Calca,120.0,3,5,Entregue,Sao Paulo,2.0,342.0
1050,54,2023-02-04,Casa & Jardim,Sofa,900.0,5,10,Entregue,Porto Alegre,5.0,4050.0
1051,106,2023-05-01,Esportes,Bicicleta,1500.0,3,5,Entregue,Rio de Janeiro,5.0,4275.0
1052,260,2023-11-27,Esportes,Tenis,250.0,4,10,Entregue,Curitiba,3.0,900.0
1053,191,2023-07-07,Casa & Jardim,Sofa,900.0,5,5,Em transito,Rio de Janeiro,,4275.0
1054,218,2023-07-05,Roupas,Calca,120.0,4,15,Cancelado,Sao Paulo,,408.0
1055,44,2023-07-16,Livros,Infantil,30.0,2,5,Entregue,Belo Horizonte,4.0,57.0
1056,162,2023-10-18,Casa & Jardim,Luminaria,150.0,2,5,Entregue,Belo Horizonte,4.0,285.0
1057,202,2023-01-17,Livros,Tecnico,120.0,1,0,Pendente,Curitiba,,120.0
1058,270,2023-11-06,Livros,Tecnico,120.0,5,5,Entregue,Curitiba,5.0,570.0
1059,271,2023-03-20,Casa & Jardim,Sofa,900.0,4,0,Entregue,Belo Horizonte,4.0,3600.0
1060,215,2023-12-14,Roupas,Calca,120.0,3,20,Entregue,Curitiba,4.0,288.0
1061,252,2023-08-19,Esportes,Tenis,250.0,2,0,Entregue,Rio de Janeiro,5.0,500.0
1062,190,2023-07-09,Eletronicos,Celular,1200.0,2,15,Entregue,Porto Alegre,5.0,2040.0
1063,296,2023-07-10,Roupas,Calca,120.0,3,0,Entregue,Porto Alegre,1.0,360.0
1064,213,2023-08-16,Roupas,Calca,120.0,4,20,Entregue,Rio de Janeiro,5.0,384.0
1065,208,2023-02-09,Esportes,Haltere,200.0,4,15,Cancelado,Porto Alegre,,680.0
1066,237,2023-10-21,Eletronicos,Camera,800.0,5,10,Entregue,Sao Paulo,5.0,3600.0
1067,53,2023-03-12,Esportes,Haltere,200.0,5,10,Pendente,Rio de Janeiro,,900.0
1068,280,2023-09-29,Esportes,Haltere,200.0,1,0,Cancelado,Curitiba,,200.0
1069,217,2023-07-07,Casa & Jardim,Luminaria,150.0,2,0,Entregue,Rio de Janeiro,4.0,300.0
1070,252,2023-07-23,Eletronicos,Relogio,350.0,5,20,Entregue,Belo Horizonte,4.0,1400.0
1071,188,2023-06-10,Eletronicos,Relogio,350.0,4,20,Entregue,Curitiba,4.0,1120.0
1072,41,2023-11-29,Livros,Tecnico,120.0,3,5,Entregue,Belo Horizonte,2.0,342.0
1073,157,2023-05-23,Casa & Jardim,Sofa,900.0,4,20,Pendente,Curitiba,,2880.0
1074,15,2023-05-08,Casa & Jardim,Vaso,70.0,2,5,Entregue,Porto Alegre,5.0,133.0
1075,65,2023-02-28,Roupas,Short,60.0,4,15,Em transito,Rio de Janeiro,,204.0
1076,9,2023-01-14,Eletronicos,Relogio,350.0,1,0,Entregue,Sao Paulo,3.0,350.0
1077,129,2023-04-06,Casa & Jardim,Luminaria,150.0,2,15,Entregue,Curitiba,4.0,255.0
1078,136,2023-09-13,Roupas,Calca,120.0,3,20,Entregue,Curitiba,1.0,288.0
1079,63,2023-09-23,Eletronicos,Relogio,350.0,1,15,Entregue,Belo Horizonte,5.0,297.5
1080,139,2023-07-18,Casa & Jardim,Luminaria,150.0,2,15,Entregue,Porto Alegre,5.0,255.0
1081,81,2023-10-15,Livros,Infantil,30.0,3,15,Entregue,Belo Horizonte,4.0,76.5
1082,163,2023-03-02,Roupas,Blusa,80.0,1,20,Entregue,Belo Horizonte,4.0,64.0
1083,289,2023-05-15,Casa & Jardim,Sofa,900.0,1,15,Entregue,Porto Alegre,5.0,765.0
1084,261,2023-05-14,Livros,Infantil,30.0,2,5,Em transito,Sao Paulo,,57.0
1085,231,2023-12-27,Eletronicos,Relogio,350.0,5,20,Entregue,Belo Horizonte,5.0,1400.0
1086,41,2023-08-17,Casa & Jardim,Vaso,70.0,1,15,Pendente,Belo Horizonte,,59.5
1087,28,2023-04-20,Eletronicos,Celular,1200.0,1,20,Pendente,Curitiba,,960.0
1088,135,2023-11-10,Casa & Jardim,Vaso,70.0,3,10,Cancelado,Porto Alegre,,189.0
1089,201,2023-05-27,Roupas,Blusa,80.0,4,5,Entregue,Rio de Janeiro,4.0,304.0
1090,268,2023-12-22,Roupas,Calca,120.0,2,15,Cancelado,Sao Paulo,,204.0
1091,33,2023-09-09,Eletronicos,Celular,1200.0,2,10,Entregue,Sao Paulo,4.0,2160.0
1092,48,2023-04-13,Esportes,Tenis,250.0,5,10,Entregue,Porto Alegre,4.0,1125.0
1093,62,2023-03-04,Livros,Romance,40.0,5,20,Entregue,Curitiba,3.0,160.0
1094,216,2023-03-11,Roupas,Calca,120.0,2,10,Pendente,Curitiba,,216.0
1095,293,2023-02-07,Esportes,Haltere,200.0,5,5,Entregue,Porto Alegre,4.0,950.0
1096,99,2023-08-20,Roupas,Short,60.0,3,5,Pendente,Curitiba,,171.0
1097,172,2023-03-30,Livros,Infantil,30.0,2,0,Entregue,Sao Paulo,2.0,60.0
1098,214,2023-08-16,Esportes,Tenis,250.0,5,5,Pendente,Sao Paulo,,1187.5
1099,35,2023-02-14,Livros,Infantil,30.0,2,10,Em transito,Rio de Janeiro,,54.0
1100,227,2023-12-16,Roupas,Calca,120.0,4,5,Entregue,Porto Alegre,4.0,456.0
1101,101,2023-06-13,Casa & Jardim,Vaso,70.0,1,20,Em transito,Belo Horizonte,,56.0
1102,131,2023-12-08,Casa & Jardim,Vaso,70.0,2,0,Entregue,Belo Horizonte,4.0,140.0
1103,257,2023-06-27,Livros,Tecnico,120.0,1,10,Entregue,Rio de Janeiro,2.0,108.0
1104,5,2023-12-30,Eletronicos,Celular,1200.0,5,0,Entregue,Rio de Janeiro,4.0,6000.0
1105,218,2023-02-03,Roupas,Blusa,80.0,1,10,Entregue,Curitiba,3.0,72.0
1106,255,2023-10-09,Casa & Jardim,Sofa,900.0,2,20,Entregue,Rio de Janeiro,3.0,1440.0
1107,283,2023-10-05,Livros,Infantil,30.0,4,0,Entregue,Rio de Janeiro,3.0,120.0
1108,207,2023-05-29,Roupas,Calca,120.0,5,15,Entregue,Belo Horizonte,4.0,510.0
1109,15,2023-06-03,Roupas,Blusa,80.0,2,10,Cancelado,Curitiba,,144.0
1110,42,2023-03-22,Eletronicos,Relogio,350.0,5,15,Pendente,Rio de Janeiro,,1487.5
1111,179,2023-12-31,Eletronicos,Celular,1200.0,3,0,Pendente,Rio de Janeiro,,3600.0
1112,63,2023-12-30,Eletronicos,Celular,1200.0,1,15,Cancelado,Curitiba,,1020.0
1113,231,2023-12-25,Casa & Jardim,Sofa,900.0,3,15,Pendente,Porto Alegre,,2295.0
1114,241,2023-11-23,Livros,Romance,40.0,2,0,Entregue,Curitiba,5.0,80.0
1115,52,2023-03-31,Casa & Jardim,Luminaria,150.0,4,20,Entregue,Belo Horizonte,2.0,480.0
1116,96,2023-07-05,Esportes,Tenis,250.0,5,15,Pendente,Porto Alegre,,1062.5
1117,222,2023-09-18,Livros,Romance,40.0,1,15,Entregue,Sao Paulo,2.0,34.0
1118,231,2023-04-25,Livros,Infantil,30.0,5,20,Entregue,Curitiba,2.0,120.0
1119,237,2023-03-04,Esportes,Tenis,250.0,2,15,Entregue,Belo Horizonte,4.0,425.0
1120,143,2023-04-13,Esportes,Bicicleta,1500.0,5,15,Entregue,Porto Alegre,4.0,6375.0
1121,171,2023-03-13,Roupas,Blusa,80.0,1,15,Entregue,Curitiba,5.0,68.0
1122,29,2023-05-02,Eletronicos,Relogio,350.0,2,5,Entregue,Rio de Janeiro,4.0,665.0
1123,36,2023-09-10,Esportes,Bicicleta,1500.0,5,20,Entregue,Curitiba,5.0,6000.0
1124,13,2023-01-14,Esportes,Bicicleta,1500.0,4,15,Entregue,Sao Paulo,1.0,5100.0
1125,160,2023-07-04,Esportes,Haltere,200.0,2,20,Entregue,Curitiba,2.0,320.0
1126,187,2023-10-11,Eletronicos,Relogio,350.0,2,10,Entregue,Porto Alegre,1.0,630.0
1127,243,2023-10-21,Eletronicos,Celular,1200.0,4,10,Cancelado,Porto Alegre,,4320.0
1128,86,2023-07-08,Esportes,Haltere,200.0,3,15,Entregue,Curitiba,4.0,510.0
1129,284,2023-08-28,Casa & Jardim,Sofa,900.0,1,20,Entregue,Porto Alegre,4.0,720.0
1130,66,2023-10-10,Roupas,Blusa,80.0,3,20,Pendente,Rio de Janeiro,,192.0
1131,170,2023-03-08,Roupas,Calca,120.0,5,20,Entregue,Curitiba,5.0,480.0
1132,45,2023-11-10,Esportes,Tenis,250.0,4,5,Entregue,Rio de Janeiro,5.0,950.0
1133,62,2023-02-14,Esportes,Tenis,250.0,3,10,Entregue,Rio de Janeiro,3.0,675.0
1134,134,2023-02-03,Casa & Jardim,Vaso,70.0,2,20,Pendente,Belo Horizonte,,112.0
1135,284,2023-06-08,Roupas,Blusa,80.0,5,20,Entregue,Curitiba,3.0,320.0
1136,28,2023-07-23,Esportes,Haltere,200.0,5,5,Entregue,Porto Alegre,2.0,950.0
1137,108,2023-09-03,Eletronicos,Celular,1200.0,3,5,Cancelado,Rio de Janeiro,,3420.0
1138,44,2023-09-27,Livros,Romance,40.0,3,20,Entregue,Belo Horizonte,4.0,96.0
1139,286,2023-07-30,Eletronicos,Celular,1200.0,4,0,Entregue,Curitiba,3.0,4800.0
1140,128,2023-07-29,Roupas,Short,60.0,1,20,Entregue,Curitiba,4.0,48.0
1141,231,2023-10-22,Esportes,Bicicleta,1500.0,3,20,Entregue,Sao Paulo,5.0,3600.0
1142,190,2023-02-07,Roupas,Short,60.0,3,5,Entregue,Sao Paulo,4.0,171.0
1143,225,2023-03-06,Eletronicos,Celular,1200.0,2,5,Entregue,Rio de Janeiro,5.0,2280.0
1144,283,2023-06-12,Esportes,Tenis,250.0,5,20,Pendente,Sao Paulo,,1000.0
1145,121,2023-11-25,Esportes,Bicicleta,1500.0,1,20,Entregue,Rio de Janeiro,4.0,1200.0
1146,116,2023-02-07,Esportes,Bicicleta,1500.0,2,20,Entregue,Porto Alegre,4.0,2400.0
1147,233,2023-08-19,Esportes,Haltere,200.0,4,5,Entregue,Rio de Janeiro,2.0,760.0
1148,259,2023-08-27,Livros,Infantil,30.0,4,20,Entregue,Sao Paulo,1.0,96.0
1149,198,2023-12-15,Esportes,Tenis,250.0,3,20,Entregue,Porto Alegre,4.0,600.0
1150,137,2023-09-22,Roupas,Short,60.0,3,15,Pendente,Sao Paulo,,153.0
1151,165,2023-06-26,Roupas,Blusa,80.0,4,0,Entregue,Rio de Janeiro,4.0,320.0
1152,225,2023-03-07,Livros,Infantil,30.0,3,10,Pendente,Belo Horizonte,,81.0
1153,234,2023-10-10,Livros,Romance,40.0,1,0,Cancelado,Curitiba,,40.0
1154,172,2023-11-24,Casa & Jardim,Sofa,900.0,3,15,Entregue,Sao Paulo,1.0,2295.0
1155,152,2023-10-28,Eletronicos,Relogio,350.0,5,10,Pendente,Rio de Janeiro,,1575.0
1156,160,2023-04-04,Esportes,Haltere,200.0,3,20,Entregue,Porto Alegre,3.0,480.0
1157,96,2023-03-08,Livros,Romance,40.0,2,15,Entregue,Sao Paulo,2.0,68.0
1158,233,2023-08-10,Eletronicos,Relogio,350.0,1,20,Entregue,Sao Paulo,5.0,280.0
1159,180,2023-09-15,Eletronicos,Celular,1200.0,2,5,Entregue,Curitiba,4.0,2280.0
1160,113,2023-01-29,Eletronicos,Relogio,350.0,2,15,Entregue,Rio de Janeiro,5.0,595.0
1161,52,2023-03-05,Eletronicos,Relogio,350.0,5,5,Entregue,Belo Horizonte,3.0,1662.5
1162,268,2023-09-23,Roupas,Short,60.0,1,15,Entregue,Porto Alegre,4.0,51.0
1163,295,2023-03-20,Eletronicos,Relogio,350.0,1,15,Entregue,Rio de Janeiro,3.0,297.5
1164,113,2023-06-05,Roupas,Calca,120.0,1,5,Entregue,Porto Alegre,2.0,114.0
1165,101,2023-03-26,Livros,Romance,40.0,1,10,Cancelado,Sao Paulo,,36.0
1166,113,2023-03-24,Livros,Romance,40.0,1,0,Pendente,Curitiba,,40.0
1167,81,2023-06-15,Esportes,Haltere,200.0,5,20,Entregue,Curitiba,4.0,800.0
1168,187,2023-12-30,Livros,Infantil,30.0,3,15,Entregue,Belo Horizonte,4.0,76.5
1169,113,2023-04-26,Livros,Tecnico,120.0,2,20,Cancelado,Curitiba,,192.0
1170,2,2023-06-27,Casa & Jardim,Sofa,900.0,1,5,Pendente,Sao Paulo,,855.0
1171,130,2023-09-23,Casa & Jardim,Sofa,900.0,3,20,Pendente,Belo Horizonte,,2160.0
1172,220,2023-05-26,Casa & Jardim,Vaso,70.0,3,5,Entregue,Rio de Janeiro,3.0,199.5
1173,54,2023-02-10,Roupas,Calca,120.0,2,20,Entregue,Curitiba,3.0,192.0
1174,224,2023-05-09,Casa & Jardim,Vaso,70.0,5,0,Entregue,Belo Horizonte,5.0,350.0
1175,225,2023-04-11,Casa & Jardim,Sofa,900.0,4,0,Entregue,Sao Paulo,5.0,3600.0
1176,126,2023-11-22,Eletronicos,Camera,800.0,4,0,Pendente,Porto Alegre,,3200.0
1177,130,2023-10-10,Livros,Infantil,30.0,3,0,Pendente,Porto Alegre,,90.0
1178,53,2023-05-21,Eletronicos,Celular,1200.0,2,0,Entregue,Sao Paulo,5.0,2400.0
1179,172,2023-03-06,Livros,Romance,40.0,4,0,Cancelado,Sao Paulo,,160.0
1180,218,2023-11-17,Livros,Tecnico,120.0,3,5,Entregue,Porto Alegre,4.0,342.0
1181,160,2023-06-05,Roupas,Short,60.0,5,15,Entregue,Belo Horizonte,4.0,255.0
1182,198,2023-11-11,Eletronicos,Celular,1200.0,4,20,Entregue,Porto Alegre,5.0,3840.0
1183,247,2023-10-01,Casa & Jardim,Vaso,70.0,3,0,Cancelado,Sao Paulo,,210.0
1184,203,2023-02-17,Roupas,Short,60.0,3,5,Entregue,Curitiba,5.0,171.0
1185,184,2023-09-15,Livros,Infantil,30.0,1,5,Cancelado,Rio de Janeiro,,28.5
1186,123,2023-11-25,Casa & Jardim,Luminaria,150.0,5,5,Pendente,Curitiba,,712.5
1187,255,2023-03-28,Livros,Romance,40.0,1,15,Entregue,Curitiba,4.0,34.0
1188,294,2023-10-31,Livros,Tecnico,120.0,2,20,Entregue,Sao Paulo,4.0,192.0
1189,280,2023-10-25,Eletronicos,Celular,1200.0,1,15,Cancelado,Porto Alegre,,1020.0
1190,98,2023-03-20,Casa & Jardim,Sofa,900.0,1,10,Entregue,Belo Horizonte,5.0,810.0
1191,198,2023-03-29,Eletronicos,Relogio,350.0,4,5,Cancelado,Curitiba,,1330.0
1192,240,2023-12-04,Livros,Romance,40.0,3,10,Cancelado,Porto Alegre,,108.0
1193,144,2023-11-16,Casa & Jardim,Vaso,70.0,5,0,Entregue,Belo Horizonte,4.0,350.0
1194,97,2023-11-06,Livros,Romance,40.0,1,0,Entregue,Curitiba,2.0,40.0
1195,201,2023-06-22,Casa & Jardim,Sofa,900.0,5,15,Cancelado,Belo Horizonte,,3825.0
1196,124,2023-10-16,Casa & Jardim,Luminaria,150.0,1,20,Entregue,Porto Alegre,4.0,120.0
1197,187,2023-01-22,Esportes,Bicicleta,1500.0,2,10,Entregue,Rio de Janeiro,4.0,2700.0
1198,259,2023-01-15,Eletronicos,Celular,1200.0,1,20,Entregue,Porto Alegre,4.0,960.0
1199,148,2023-02-11,Esportes,Bicicleta,1500.0,4,15,Entregue,Sao Paulo,5.0,5100.0
1200,252,2023-01-24,Eletronicos,Celular,1200.0,3,0,Cancelado,Belo Horizonte,,3600.0
1201,147,2023-11-25,Casa & Jardim,Sofa,900.0,2,20,Pendente,Rio de Janeiro,,1440.0
1202,148,2023-10-23,Casa & Jardim,Sofa,900.0,1,20,Entregue,Belo Horizonte,4.0,720.0
1203,199,2023-05-16,Esportes,Haltere,200.0,5,0,Entregue,Belo Horizonte,2.0,1000.0
1204,128,2023-11-30,Esportes,Haltere,200.0,2,10,Entregue,Curitiba,3.0,360.0
1205,39,2023-04-18,Eletronicos,Celular,1200.0,2,0,Cancelado,Sao Paulo,,2400.0
1206,129,2023-10-20,Eletronicos,Relogio,350.0,1,20,Entregue,Belo Horizonte,5.0,280.0
1207,267,2023-08-02,Roupas,Calca,120.0,2,10,Entregue,Porto Alegre,5.0,216.0
1208,151,2023-11-13,Eletronicos,Camera,800.0,5,10,Entregue,Porto Alegre,5.0,3600.0
1209,298,2023-11-24,Livros,Infantil,30.0,2,0,Entregue,Curitiba,3.0,60.0
1210,99,2023-01-16,Roupas,Short,60.0,5,20,Cancelado,Sao Paulo,,240.0
1211,263,2023-09-12,Roupas,Blusa,80.0,1,15,Entregue,Sao Paulo,4.0,68.0
1212,252,2023-11-18,Casa & Jardim,Vaso,70.0,3,20,Entregue,Porto Alegre,4.0,168.0
1213,144,2023-10-07,Eletronicos,Camera,800.0,2,5,Entregue,Rio de Janeiro,4.0,1520.0
1214,112,2023-05-29,Roupas,Calca,120.0,3,15,Em transito,Curitiba,,306.0
1215,60,2023-11-25,Roupas,Calca,120.0,5,10,Entregue,Curitiba,4.0,540.0
1216,2,2023-06-04,Eletronicos,Camera,800.0,2,15,Entregue,Porto Alegre,4.0,1360.0
1217,254,2023-09-05,Livros,Tecnico,120.0,4,10,Entregue,Porto Alegre,3.0,432.0
1218,140,2023-05-06,Livros,Infantil,30.0,3,10,Cancelado,Rio de Janeiro,,81.0
1219,37,2023-12-17,Roupas,Blusa,80.0,2,15,Entregue,Rio de Janeiro,4.0,136.0
1220,160,2023-07-27,Roupas,Blusa,80.0,3,10,Entregue,Sao Paulo,4.0,216.0
1221,9,2023-06-02,Esportes,Tenis,250.0,2,10,Entregue,Curitiba,3.0,450.0
1222,233,2023-08-21,Roupas,Calca,120.0,1,5,Pendente,Curitiba,,114.0
1223,99,2023-02-07,Casa & Jardim,Vaso,70.0,3,20,Entregue,Porto Alegre,1.0,168.0
1224,147,2023-12-19,Roupas,Short,60.0,4,20,Cancelado,Sao Paulo,,192.0
1225,208,2023-01-31,Roupas,Calca,120.0,4,5,Entregue,Curitiba,5.0,456.0
1226,131,2023-03-22,Eletronicos,Camera,800.0,5,15,Entregue,Sao Paulo,4.0,3400.0
1227,152,2023-08-14,Eletronicos,Camera,800.0,2,0,Entregue,Sao Paulo,3.0,1600.0
1228,54,2023-08-01,Roupas,Blusa,80.0,3,0,Pendente,Porto Alegre,,240.0
1229,120,2023-09-05,Esportes,Bicicleta,1500.0,5,0,Entregue,Sao Paulo,4.0,7500.0
1230,161,2023-08-26,Casa & Jardim,Sofa,900.0,3,5,Cancelado,Rio de Janeiro,,2565.0
1231,116,2023-04-15,Roupas,Blusa,80.0,2,5,Pendente,Rio de Janeiro,,152.0
1232,75,2023-06-24,Roupas,Short,60.0,4,10,Entregue,Belo Horizonte,4.0,216.0
1233,113,2023-11-07,Casa & Jardim,Vaso,70.0,1,0,Pendente,Porto Alegre,,70.0
1234,104,2023-03-15,Eletronicos,Camera,800.0,4,15,Pendente,Belo Horizonte,,2720.0
1235,254,2023-06-10,Casa & Jardim,Luminaria,150.0,5,15,Entregue,Rio de Janeiro,3.0,637.5
1236,227,2023-06-13,Livros,Tecnico,120.0,1,0,Entregue,Belo Horizonte,4.0,120.0
1237,112,2023-06-26,Livros,Tecnico,120.0,5,0,Cancelado,Porto Alegre,,600.0
1238,99,2023-07-24,Eletronicos,Celular,1200.0,2,0,Entregue,Porto Alegre,4.0,2400.0
1239,153,2023-03-08,Casa & Jardim,Sofa,900.0,1,5,Pendente,Sao Paulo,,855.0
1240,194,2023-07-09,Livros,Tecnico,120.0,5,5,Em transito,Curitiba,,570.0
1241,163,2023-09-21,Eletronicos,Celular,1200.0,2,5,Entregue,Sao Paulo,4.0,2280.0
1242,208,2023-10-15,Livros,Tecnico,120.0,4,20,Entregue,Porto Alegre,3.0,384.0
1243,169,2023-02-24,Casa & Jardim,Luminaria,150.0,2,15,Entregue,Rio de Janeiro,5.0,255.0
1244,161,2023-06-13,Casa & Jardim,Vaso,70.0,3,15,Entregue,Rio de Janeiro,1.0,178.5
1245,68,2023-05-04,Livros,Infantil,30.0,2,10,Entregue,Sao Paulo,4.0,54.0
1246,289,2023-08-27,Eletronicos,Camera,800.0,2,5,Entregue,Porto Alegre,5.0,1520.0
1247,277,2023-03-04,Livros,Romance,40.0,3,20,Entregue,Rio de Janeiro,3.0,96.0
1248,135,2023-05-17,Casa & Jardim,Sofa,900.0,5,20,Pendente,Porto Alegre,,3600.0
1249,195,2023-08-19,Esportes,Tenis,250.0,5,15,Pendente,Rio de Janeiro,,1062.5
1250,128,2023-05-07,Livros,Infantil,30.0,2,5,Entregue,Porto Alegre,4.0,57.0
1251,33,2023-03-14,Roupas,Short,60.0,3,10,Entregue,Belo Horizonte,4.0,162.0
1252,176,2023-02-19,Esportes,Tenis,250.0,3,5,Entregue,Porto Alegre,4.0,712.5
1253,22,2023-01-26,Casa & Jardim,Luminaria,150.0,4,0,Entregue,Porto Alegre,4.0,600.0
1254,238,2023-05-29,Casa & Jardim,Luminaria,150.0,5,5,Cancelado,Sao Paulo,,712.5
1255,158,2023-07-16,Eletronicos,Relogio,350.0,1,0,Pendente,Belo Horizonte,,350.0
1256,38,2023-11-12,Casa & Jardim,Luminaria,150.0,5,0,Pendente,Curitiba,,750.0
1257,230,2023-08-03,Casa & Jardim,Luminaria,150.0,5,10,Cancelado,Sao Paulo,,675.0
1258,51,2023-05-08,Esportes,Bicicleta,1500.0,4,15,Entregue,Curitiba,4.0,5100.0
1259,264,2023-03-23,Esportes,Haltere,200.0,1,5,Pendente,Rio de Janeiro,,190.0
1260,283,2023-06-17,Casa & Jardim,Luminaria,150.0,4,0,Entregue,Curitiba,4.0,600.0
1261,27,2023-10-23,Roupas,Blusa,80.0,1,5,Cancelado,Porto Alegre,,76.0
1262,226,2023-06-10,Esportes,Haltere,200.0,2,15,Entregue,Curitiba,4.0,340.0
1263,277,2023-04-08,Esportes,Haltere,200.0,1,15,Pendente,Sao Paulo,,170.0
1264,286,2023-03-23,Roupas,Calca,120.0,4,20,Cancelado,Sao Paulo,,384.0
1265,97,2023-09-13,Livros,Tecnico,120.0,5,15,Entregue,Curitiba,4.0,510.0
1266,284,2023-09-21,Esportes,Haltere,200.0,1,10,Entregue,Sao Paulo,3.0,180.0
1267,147,2023-08-28,Eletronicos,Camera,800.0,1,0,Pendente,Sao Paulo,,800.0
1268,4,2023-09-13,Casa & Jardim,Sofa,900.0,3,20,Entregue,Curitiba,3.0,2160.0
1269,35,2023-06-07,Esportes,Haltere,200.0,5,10,Entregue,Belo Horizonte,3.0,900.0
1270,192,2023-09-12,Livros,Infantil,30.0,2,5,Entregue,Belo Horizonte,3.0,57.0
1271,49,2023-01-12,Casa & Jardim,Vaso,70.0,4,0,Entregue,Rio de Janeiro,4.0,280.0
1272,17,2023-02-16,Esportes,Bicicleta,1500.0,2,15,Cancelado,Sao Paulo,,2550.0
1273,172,2023-07-21,Roupas,Calca,120.0,5,0,Entregue,Curitiba,4.0,600.0
1274,220,2023-09-16,Esportes,Haltere,200.0,1,5,Entregue,Sao Paulo,4.0,190.0
1275,158,2023-08-23,Roupas,Calca,120.0,1,20,Entregue,Porto Alegre,2.0,96.0
1276,46,2023-05-04,Eletronicos,Camera,800.0,5,20,Entregue,Sao Paulo,2.0,3200.0
1277,6,2023-04-21,Livros,Infantil,30.0,1,20,Entregue,Sao Paulo,3.0,24.0
1278,99,2023-10-26,Livros,Tecnico,120.0,1,15,Entregue,Belo Horizonte,4.0,102.0
1279,233,2023-06-30,Eletronicos,Celular,1200.0,1,10,Entregue,Curitiba,3.0,1080.0
1280,37,2023-01-25,Casa & Jardim,Sofa,900.0,4,10,Entregue,Sao Paulo,3.0,3240.0
1281,280,2023-01-26,Roupas,Blusa,80.0,4,0,Pendente,Belo Horizonte,,320.0
1282,181,2023-05-25,Eletronicos,Celular,1200.0,3,15,Entregue,Rio de Janeiro,5.0,3060.0
1283,95,2023-09-11,Roupas,Short,60.0,2,20,Entregue,Belo Horizonte,1.0,96.0
1284,99,2023-11-02,Livros,Romance,40.0,5,20,Entregue,Belo Horizonte,4.0,160.0
1285,188,2023-12-01,Esportes,Bicicleta,1500.0,5,5,Entregue,Belo Horizonte,4.0,7125.0
1286,116,2023-12-11,Livros,Romance,40.0,5,5,Entregue,Sao Paulo,5.0,190.0
1287,191,2023-08-29,Esportes,Bicicleta,1500.0,3,20,Entregue,Sao Paulo,5.0,3600.0
1288,253,2023-05-27,Esportes,Tenis,250.0,4,20,Cancelado,Rio de Janeiro,,800.0
1289,161,2023-10-02,Roupas,Calca,120.0,3,15,Entregue,Porto Alegre,3.0,306.0
1290,256,2023-01-05,Eletronicos,Celular,1200.0,5,10,Entregue,Porto Alegre,5.0,5400.0
1291,128,2023-02-25,Esportes,Tenis,250.0,2,5,Pendente,Porto Alegre,,475.0
1292,18,2023-08-09,Roupas,Calca,120.0,1,10,Entregue,Rio de Janeiro,4.0,108.0
1293,281,2023-03-10,Livros,Tecnico,120.0,4,15,Entregue,Porto Alegre,4.0,408.0
1294,223,2023-05-16,Eletronicos,Relogio,350.0,4,20,Entregue,Porto Alegre,4.0,1120.0
1295,54,2023-07-07,Roupas,Blusa,80.0,3,10,Entregue,Belo Horizonte,5.0,216.0
1296,58,2023-07-26,Esportes,Tenis,250.0,4,20,Cancelado,Sao Paulo,,800.0
1297,174,2023-07-07,Esportes,Haltere,200.0,5,20,Pendente,Sao Paulo,,800.0
1298,280,2023-01-24,Livros,Infantil,30.0,5,0,Cancelado,Belo Horizonte,,150.0
1299,114,2023-07-25,Livros,Tecnico,120.0,3,10,Entregue,Belo Horizonte,5.0,324.0
1300,288,2023-01-27,Esportes,Haltere,200.0,5,10,Entregue,Belo Horizonte,1.0,900.0
1301,151,2023-10-19,Livros,Tecnico,120.0,2,20,Entregue,Sao Paulo,3.0,192.0
1302,127,2023-10-15,Livros,Tecnico,120.0,3,15,Entregue,Porto Alegre,5.0,306.0
1303,155,2023-04-10,Roupas,Calca,120.0,2,0,Entregue,Belo Horizonte,3.0,240.0
1304,273,2023-07-05,Esportes,Bicicleta,1500.0,1,20,Em transito,Rio de Janeiro,,1200.0
1305,104,2023-10-11,Casa & Jardim,Sofa,900.0,2,5,Entregue,Belo Horizonte,2.0,1710.0
1306,299,2023-05-28,Casa & Jardim,Luminaria,150.0,1,5,Entregue,Curitiba,5.0,142.5
1307,246,2023-02-07,Esportes,Haltere,200.0,1,0,Entregue,Belo Horizonte,4.0,200.0
1308,176,2023-07-17,Roupas,Short,60.0,2,15,Entregue,Sao Paulo,4.0,102.0
1309,39,2023-09-16,Esportes,Tenis,250.0,3,20,Entregue,Belo Horizonte,3.0,600.0
1310,170,2023-08-19,Casa & Jardim,Sofa,900.0,5,10,Pendente,Curitiba,,4050.0
1311,247,2023-10-09,Casa & Jardim,Vaso,70.0,5,0,Entregue,Rio de Janeiro,5.0,350.0
1312,26,2023-05-24,Casa & Jardim,Luminaria,150.0,1,15,Pendente,Porto Alegre,,127.5
1313,13,2023-11-16,Eletronicos,Celular,1200.0,1,10,Entregue,Belo Horizonte,4.0,1080.0
1314,36,2023-12-15,Roupas,Blusa,80.0,3,5,Cancelado,Curitiba,,228.0
1315,173,2023-11-09,Esportes,Haltere,200.0,4,5,Pendente,Curitiba,,760.0
1316,20,2023-03-02,Roupas,Calca,120.0,2,10,Entregue,Rio de Janeiro,4.0,216.0
1317,264,2023-03-07,Roupas,Blusa,80.0,1,0,Entregue,Sao Paulo,5.0,80.0
1318,142,2023-02-19,Esportes,Bicicleta,1500.0,5,5,Em transito,Belo Horizonte,,7125.0
1319,143,2023-07-21,Casa & Jardim,Luminaria,150.0,3,20,Entregue,Curitiba,5.0,360.0
1320,92,2023-07-11,Esportes,Bicicleta,1500.0,2,10,Cancelado,Rio de Janeiro,,2700.0
1321,288,2023-06-23,Eletronicos,Celular,1200.0,3,10,Entregue,Porto Alegre,4.0,3240.0
1322,215,2023-10-13,Esportes,Bicicleta,1500.0,2,5,Entregue,Curitiba,5.0,2850.0
1323,51,2023-07-07,Livros,Infantil,30.0,2,0,Pendente,Rio de Janeiro,,60.0
1324,153,2023-03-15,Eletronicos,Relogio,350.0,1,20,Cancelado,Sao Paulo,,280.0
1325,186,2023-04-12,Esportes,Bicicleta,1500.0,3,0,Entregue,Sao Paulo,4.0,4500.0
1326,63,2023-11-05,Eletronicos,Camera,800.0,3,15,Pendente,Curitiba,,2040.0
1327,190,2023-09-18,Casa & Jardim,Vaso,70.0,5,15,Entregue,Curitiba,4.0,297.5
1328,125,2023-07-25,Esportes,Haltere,200.0,5,5,Entregue,Belo Horizonte,3.0,950.0
1329,150,2023-09-14,Livros,Infantil,30.0,1,5,Entregue,Rio de Janeiro,4.0,28.5
1330,58,2023-01-21,Roupas,Short,60.0,1,5,Entregue,Curitiba,3.0,57.0
1331,180,2023-01-24,Roupas,Short,60.0,4,15,Cancelado,Belo Horizonte,,204.0
1332,170,2023-01-20,Esportes,Bicicleta,1500.0,5,0,Entregue,Belo Horizonte,4.0,7500.0
1333,271,2023-03-12,Eletronicos,Camera,800.0,2,0,Entregue,Curitiba,5.0,1600.0
1334,54,2023-06-20,Casa & Jardim,Luminaria,150.0,3,5,Entregue,Sao Paulo,3.0,427.5
1335,101,2023-08-31,Esportes,Haltere,200.0,1,20,Entregue,Rio de Janeiro,4.0,160.0
1336,264,2023-09-23,Roupas,Short,60.0,3,0,Entregue,Rio de Janeiro,3.0,180.0
1337,53,2023-08-22,Roupas,Calca,120.0,3,15,Pendente,Sao Paulo,,306.0
1338,60,2023-03-18,Livros,Romance,40.0,4,10,Entregue,Curitiba,5.0,144.0
1339,108,2023-11-07,Esportes,Haltere,200.0,5,10,Cancelado,Rio de Janeiro,,900.0
1340,5,2023-09-21,Livros,Infantil,30.0,1,10,Em transito,Curitiba,,27.0
1341,103,2023-03-13,Eletronicos,Celular,1200.0,3,20,Entregue,Curitiba,5.0,2880.0
1342,196,2023-06-17,Esportes,Tenis,250.0,1,5,Cancelado,Belo Horizonte,,237.5
1343,262,2023-11-10,Esportes,Tenis,250.0,2,15,Pendente,Sao Paulo,,425.0
1344,47,2023-06-13,Eletronicos,Camera,800.0,4,20,Entregue,Curitiba,3.0,2560.0
1345,144,2023-03-25,Esportes,Bicicleta,1500.0,2,15,Entregue,Porto Alegre,5.0,2550.0
1346,269,2023-07-21,Roupas,Short,60.0,1,15,Entregue,Sao Paulo,4.0,51.0
1347,124,2023-11-12,Casa & Jardim,Vaso,70.0,1,5,Entregue,Rio de Janeiro,3.0,66.5
1348,106,2023-06-03,Esportes,Bicicleta,1500.0,5,10,Cancelado,Belo Horizonte,,6750.0
1349,158,2023-10-31,Esportes,Bicicleta,1500.0,3,5,Entregue,Rio de Janeiro,4.0,4275.0
1350,147,2023-06-22,Eletronicos,Camera,800.0,3,20,Cancelado,Rio de Janeiro,,1920.0
1351,145,2023-09-17,Eletronicos,Relogio,350.0,2,20,Entregue,Sao Paulo,3.0,560.0
1352,120,2023-09-18,Livros,Romance,40.0,4,20,Entregue,Rio de Janeiro,3.0,128.0
1353,275,2023-09-30,Casa & Jardim,Sofa,900.0,3,5,Em transito,Curitiba,,2565.0
1354,92,2023-09-08,Eletronicos,Relogio,350.0,5,15,Entregue,Rio de Janeiro,5.0,1487.5
1355,58,2023-12-29,Eletronicos,Celular,1200.0,2,15,Entregue,Belo Horizonte,3.0,2040.0
1356,229,2023-10-16,Roupas,Blusa,80.0,2,0,Entregue,Belo Horizonte,5.0,160.0
1357,117,2023-06-03,Eletronicos,Relogio,350.0,5,20,Entregue,Porto Alegre,5.0,1400.0
1358,279,2023-09-01,Roupas,Blusa,80.0,4,15,Entregue,Belo Horizonte,5.0,272.0
1359,127,2023-01-09,Roupas,Short,60.0,5,0,Entregue,Rio de Janeiro,2.0,300.0
1360,129,2023-07-08,Eletronicos,Relogio,350.0,4,15,Entregue,Belo Horizonte,4.0,1190.0
1361,58,2023-06-19,Roupas,Short,60.0,5,20,Em transito,Sao Paulo,,240.0
1362,122,2023-12-11,Casa & Jardim,Vaso,70.0,5,10,Entregue,Belo Horizonte,4.0,315.0
1363,1,2023-02-26,Roupas,Calca,120.0,1,20,Entregue,Curitiba,3.0,96.0
1364,239,2023-08-02,Livros,Infantil,30.0,2,5,Entregue,Sao Paulo,4.0,57.0
1365,290,2023-10-26,Eletronicos,Celular,1200.0,5,15,Cancelado,Porto Alegre,,5100.0
1366,96,2023-06-07,Casa & Jardim,Sofa,900.0,5,15,Entregue,Curitiba,4.0,3825.0
1367,126,2023-12-19,Livros,Romance,40.0,3,5,Entregue,Rio de Janeiro,2.0,114.0
1368,118,2023-11-19,Casa & Jardim,Luminaria,150.0,2,5,Entregue,Rio de Janeiro,3.0,285.0
1369,48,2023-01-14,Esportes,Bicicleta,1500.0,3,10,Entregue,Rio de Janeiro,5.0,4050.0
1370,89,2023-11-02,Roupas,Blusa,80.0,2,15,Pendente,Curitiba,,136.0
1371,237,2023-08-31,Livros,Infantil,30.0,3,15,Pendente,Curitiba,,76.5
1372,272,2023-05-16,Roupas,Blusa,80.0,5,10,Entregue,Curitiba,5.0,360.0
1373,189,2023-12-02,Casa & Jardim,Luminaria,150.0,5,0,Entregue,Sao Paulo,3.0,750.0
1374,192,2023-10-24,Livros,Romance,40.0,1,10,Entregue,Sao Paulo,4.0,36.0
1375,69,2023-10-23,Livros,Romance,40.0,3,20,Em transito,Rio de Janeiro,,96.0
1376,278,2023-04-27,Casa & Jardim,Luminaria,150.0,4,15,Em transito,Belo Horizonte,,510.0
1377,247,2023-01-27,Esportes,Haltere,200.0,1,5,Entregue,Rio de Janeiro,5.0,190.0
1378,76,2023-10-26,Casa & Jardim,Sofa,900.0,3,20,Cancelado,Porto Alegre,,2160.0
1379,154,2023-09-03,Livros,Infantil,30.0,3,15,Pendente,Sao Paulo,,76.5
1380,144,2023-03-29,Casa & Jardim,Sofa,900.0,1,10,Entregue,Curitiba,2.0,810.0
1381,86,2023-09-26,Esportes,Bicicleta,1500.0,5,20,Entregue,Sao Paulo,5.0,6000.0
1382,185,2023-11-19,Eletronicos,Camera,800.0,3,15,Entregue,Curitiba,5.0,2040.0
1383,285,2023-11-14,Casa & Jardim,Luminaria,150.0,5,0,Pendente,Porto Alegre,,750.0
1384,220,2023-07-14,Esportes,Haltere,200.0,1,0,Em transito,Porto Alegre,,200.0
1385,69,2023-03-17,Roupas,Short,60.0,5,5,Pendente,Sao Paulo,,285.0
1386,47,2023-12-15,Roupas,Calca,120.0,2,15,Cancelado,Curitiba,,204.0
1387,94,2023-05-05,Livros,Infantil,30.0,4,0,Entregue,Porto Alegre,2.0,120.0
1388,238,2023-01-17,Casa & Jardim,Luminaria,150.0,3,10,Pendente,Rio de Janeiro,,405.0
1389,204,2023-10-21,Livros,Tecnico,120.0,4,15,Pendente,Rio de Janeiro,,408.0
1390,218,2023-12-25,Esportes,Bicicleta,1500.0,5,10,Entregue,Curitiba,5.0,6750.0
1391,39,2023-02-26,Livros,Tecnico,120.0,3,10,Entregue,Sao Paulo,4.0,324.0
1392,100,2023-04-08,Casa & Jardim,Sofa,900.0,5,0,Pendente,Porto Alegre,,4500.0
1393,289,2023-01-10,Eletronicos,Camera,800.0,2,15,Entregue,Sao Paulo,5.0,1360.0
1394,254,2023-08-14,Esportes,Tenis,250.0,1,20,Pendente,Rio de Janeiro,,200.0
1395,222,2023-06-10,Esportes,Haltere,200.0,3,0,Entregue,Porto Alegre,3.0,600.0
1396,23,2023-08-03,Livros,Infantil,30.0,2,0,Entregue,Sao Paulo,5.0,60.0
1397,250,2023-03-19,Esportes,Bicicleta,1500.0,2,15,Pendente,Belo Horizonte,,2550.0
1398,10,2023-07-31,Eletronicos,Camera,800.0,3,15,Entregue,Curitiba,4.0,2040.0
1399,246,2023-12-20,Casa & Jardim,Sofa,900.0,5,10,Entregue,Curitiba,4.0,4050.0
1400,100,2023-04-15,Esportes,Tenis,250.0,2,15,Entregue,Belo Horizonte,5.0,425.0
1401,290,2023-07-30,Casa & Jardim,Vaso,70.0,4,10,Cancelado,Rio de Janeiro,,252.0
1402,180,2023-09-14,Casa & Jardim,Vaso,70.0,2,0,Entregue,Porto Alegre,5.0,140.0
1403,223,2023-11-10,Livros,Infantil,30.0,5,5,Cancelado,Curitiba,,142.5
1404,250,2023-08-30,Casa & Jardim,Luminaria,150.0,5,20,Entregue,Belo Horizonte,5.0,600.0
1405,147,2023-02-01,Eletronicos,Relogio,350.0,4,0,Em transito,Belo Horizonte,,1400.0
1406,96,2023-12-28,Roupas,Blusa,80.0,2,15,Em transito,Rio de Janeiro,,136.0
1407,257,2023-03-12,Roupas,Calca,120.0,5,20,Entregue,Rio de Janeiro,4.0,480.0
1408,4,2023-09-23,Esportes,Bicicleta,1500.0,3,5,Entregue,Sao Paulo,5.0,4275.0
1409,16,2023-04-17,Livros,Romance,40.0,1,5,Entregue,Curitiba,5.0,38.0
1410,280,2023-10-15,Esportes,Haltere,200.0,1,10,Entregue,Sao Paulo,2.0,180.0
1411,247,2023-06-16,Esportes,Bicicleta,1500.0,1,20,Entregue,Belo Horizonte,4.0,1200.0
1412,258,2023-12-06,Eletronicos,Celular,1200.0,2,10,Entregue,Porto Alegre,5.0,2160.0
1413,160,2023-09-02,Casa & Jardim,Sofa,900.0,4,0,Entregue,Porto Alegre,1.0,3600.0
1414,152,2023-09-27,Esportes,Haltere,200.0,5,20,Entregue,Rio de Janeiro,5.0,800.0
1415,178,2023-07-12,Roupas,Short,60.0,3,0,Entregue,Porto Alegre,4.0,180.0
1416,163,2023-06-10,Livros,Tecnico,120.0,3,10,Entregue,Porto Alegre,4.0,324.0
1417,33,2023-03-30,Esportes,Haltere,200.0,2,20,Em transito,Porto Alegre,,320.0
1418,179,2023-08-24,Livros,Tecnico,120.0,1,10,Entregue,Belo Horizonte,3.0,108.0
1419,101,2023-09-30,Esportes,Haltere,200.0,2,20,Entregue,Porto Alegre,5.0,320.0
1420,268,2023-06-25,Livros,Tecnico,120.0,4,10,Entregue,Porto Alegre,3.0,432.0
1421,65,2023-10-07,Casa & Jardim,Luminaria,150.0,4,5,Pendente,Porto Alegre,,570.0
1422,168,2023-07-01,Esportes,Bicicleta,1500.0,5,10,Cancelado,Sao Paulo,,6750.0
1423,43,2023-12-13,Casa & Jardim,Vaso,70.0,5,5,Cancelado,Belo Horizonte,,332.5
1424,44,2023-12-15,Roupas,Blusa,80.0,4,10,Em transito,Rio de Janeiro,,288.0
1425,285,2023-11-26,Roupas,Short,60.0,4,20,Entregue,Sao Paulo,4.0,192.0
1426,12,2023-12-21,Eletronicos,Relogio,350.0,4,20,Pendente,Curitiba,,1120.0
1427,95,2023-05-16,Livros,Infantil,30.0,2,20,Pendente,Belo Horizonte,,48.0
1428,253,2023-11-09,Roupas,Blusa,80.0,4,15,Entregue,Belo Horizonte,4.0,272.0
1429,242,2023-09-05,Roupas,Calca,120.0,3,0,Em transito,Curitiba,,360.0
1430,35,2023-04-09,Esportes,Bicicleta,1500.0,1,20,Entregue,Curitiba,4.0,1200.0
1431,215,2023-05-07,Livros,Infantil,30.0,4,5,Entregue,Curitiba,4.0,114.0
1432,90,2023-05-23,Livros,Tecnico,120.0,1,20,Entregue,Rio de Janeiro,5.0,96.0
1433,264,2023-10-13,Eletronicos,Celular,1200.0,2,15,Entregue,Porto Alegre,4.0,2040.0
1434,93,2023-06-02,Casa & Jardim,Sofa,900.0,1,5,Pendente,Belo Horizonte,,855.0
1435,90,2023-04-26,Casa & Jardim,Sofa,900.0,2,15,Entregue,Porto Alegre,2.0,1530.0
1436,115,2023-06-02,Casa & Jardim,Sofa,900.0,3,5,Entregue,Porto Alegre,5.0,2565.0
1437,105,2023-05-28,Livros,Romance,40.0,2,10,Entregue,Curitiba,3.0,72.0
1438,196,2023-12-27,Casa & Jardim,Sofa,900.0,2,0,Pendente,Rio de Janeiro,,1800.0
1439,114,2023-04-17,Eletronicos,Relogio,350.0,5,0,Entregue,Sao Paulo,4.0,1750.0
1440,75,2023-12-20,Casa & Jardim,Luminaria,150.0,4,15,Entregue,Rio de Janeiro,4.0,510.0
1441,217,2023-12-27,Roupas,Calca,120.0,4,0,Cancelado,Porto Alegre,,480.0
1442,277,2023-09-08,Esportes,Tenis,250.0,3,15,Pendente,Rio de Janeiro,,637.5
1443,249,2023-06-12,Eletronicos,Relogio,350.0,3,15,Entregue,Curitiba,5.0,892.5
1444,164,2023-09-03,Casa & Jardim,Vaso,70.0,4,15,Pendente,Sao Paulo,,238.0
1445,192,2023-06-28,Esportes,Bicicleta,1500.0,5,0,Pendente,Curitiba,,7500.0
1446,227,2023-10-14,Casa & Jardim,Sofa,900.0,4,15,Cancelado,Sao Paulo,,3060.0
1447,177,2023-05-21,Eletronicos,Camera,800.0,5,0,Entregue,Porto Alegre,4.0,4000.0
1448,99,2023-05-28,Esportes,Tenis,250.0,3,15,Entregue,Sao Paulo,4.0,637.5
1449,36,2023-03-04,Eletronicos,Camera,800.0,1,20,Entregue,Sao Paulo,3.0,640.0
1450,96,2023-10-21,Esportes,Tenis,250.0,3,15,Entregue,Sao Paulo,5.0,637.5
1451,152,2023-12-13,Livros,Infantil,30.0,3,5,Entregue,Rio de Janeiro,4.0,85.5
1452,151,2023-10-06,Eletronicos,Celular,1200.0,2,15,Entregue,Rio de Janeiro,3.0,2040.0
1453,190,2023-07-14,Roupas,Calca,120.0,2,10,Entregue,Porto Alegre,4.0,216.0
1454,224,2023-07-22,Casa & Jardim,Sofa,900.0,2,15,Entregue,Sao Paulo,5.0,1530.0
1455,37,2023-06-26,Roupas,Blusa,80.0,2,5,Entregue,Belo Horizonte,4.0,152.0
1456,268,2023-03-16,Livros,Tecnico,120.0,5,5,Cancelado,Porto Alegre,,570.0
1457,183,2023-05-29,Livros,Infantil,30.0,4,0,Entregue,Sao Paulo,3.0,120.0
1458,13,2023-01-22,Livros,Romance,40.0,1,20,Entregue,Sao Paulo,2.0,32.0
1459,279,2023-05-28,Livros,Tecnico,120.0,3,15,Pendente,Rio de Janeiro,,306.0
1460,217,2023-02-10,Esportes,Bicicleta,1500.0,5,0,Entregue,Porto Alegre,4.0,7500.0
1461,286,2023-06-27,Casa & Jardim,Luminaria,150.0,1,20,Pendente,Sao Paulo,,120.0
1462,273,2023-08-15,Esportes,Bicicleta,1500.0,5,15,Pendente,Sao Paulo,,6375.0
1463,62,2023-12-02,Livros,Infantil,30.0,5,10,Entregue,Porto Alegre,5.0,135.0
1464,84,2023-05-12,Eletronicos,Relogio,350.0,3,15,Pendente,Belo Horizonte,,892.5
1465,217,2023-09-03,Eletronicos,Celular,1200.0,4,5,Entregue,Porto Alegre,5.0,4560.0
1466,187,2023-04-20,Roupas,Short,60.0,2,5,Entregue,Porto Alegre,3.0,114.0
1467,19,2023-04-14,Eletronicos,Celular,1200.0,4,10,Entregue,Belo Horizonte,2.0,4320.0
1468,177,2023-10-03,Roupas,Blusa,80.0,3,0,Entregue,Porto Alegre,2.0,240.0
1469,100,2023-05-19,Livros,Romance,40.0,3,20,Cancelado,Sao Paulo,,96.0
1470,233,2023-10-15,Roupas,Blusa,80.0,3,15,Entregue,Porto Alegre,5.0,204.0
1471,76,2023-12-23,Esportes,Bicicleta,1500.0,1,5,Entregue,Belo Horizonte,4.0,1425.0
1472,265,2023-05-20,Livros,Tecnico,120.0,4,0,Entregue,Curitiba,2.0,480.0
1473,284,2023-03-12,Casa & Jardim,Sofa,900.0,4,10,Entregue,Porto Alegre,4.0,3240.0
1474,206,2023-02-25,Roupas,Short,60.0,5,5,Entregue,Rio de Janeiro,3.0,285.0
1475,223,2023-11-12,Casa & Jardim,Luminaria,150.0,5,10,Entregue,Sao Paulo,4.0,675.0
1476,52,2023-10-28,Esportes,Tenis,250.0,5,15,Pendente,Sao Paulo,,1062.5
1477,144,2023-05-03,Roupas,Short,60.0,3,20,Entregue,Rio de Janeiro,5.0,144.0
1478,69,2023-05-05,Livros,Infantil,30.0,4,5,Entregue,Rio de Janeiro,2.0,114.0
1479,99,2023-01-26,Roupas,Short,60.0,3,5,Entregue,Porto Alegre,1.0,171.0
1480,25,2023-12-09,Eletronicos,Relogio,350.0,1,15,Entregue,Rio de Janeiro,5.0,297.5
1481,53,2023-09-29,Roupas,Calca,120.0,5,0,Cancelado,Curitiba,,600.0
1482,151,2023-04-26,Roupas,Short,60.0,3,20,Entregue,Belo Horizonte,2.0,144.0
1483,144,2023-11-23,Roupas,Blusa,80.0,3,5,Entregue,Rio de Janeiro,3.0,228.0
1484,57,2023-04-30,Eletronicos,Celular,1200.0,1,20,Entregue,Rio de Janeiro,1.0,960.0
1485,39,2023-01-27,Casa & Jardim,Luminaria,150.0,2,5,Pendente,Curitiba,,285.0
1486,109,2023-02-21,Livros,Tecnico,120.0,4,20,Entregue,Sao Paulo,5.0,384.0
1487,181,2023-07-31,Esportes,Tenis,250.0,2,10,Entregue,Sao Paulo,3.0,450.0
1488,42,2023-06-19,Esportes,Haltere,200.0,5,5,Pendente,Porto Alegre,,950.0
1489,186,2023-08-30,Casa & Jardim,Luminaria,150.0,3,20,Entregue,Curitiba,4.0,360.0
1490,223,2023-02-21,Esportes,Bicicleta,1500.0,1,0,Cancelado,Belo Horizonte,,1500.0
1491,122,2023-12-15,Livros,Infantil,30.0,1,10,Pendente,Belo Horizonte,,27.0
1492,133,2023-03-12,Esportes,Bicicleta,1500.0,4,10,Entregue,Curitiba,5.0,5400.0
1493,163,2023-01-03,Eletronicos,Relogio,350.0,2,0,Entregue,Belo Horizonte,1.0,700.0
1494,215,2023-10-09,Eletronicos,Camera,800.0,4,20,Entregue,Sao Paulo,5.0,2560.0
1495,221,2023-03-22,Casa & Jardim,Luminaria,150.0,3,15,Entregue,Belo Horizonte,4.0,382.5
1496,235,2023-07-28,Casa & Jardim,Sofa,900.0,4,0,Em transito,Belo Horizonte,,3600.0
1497,146,2023-12-01,Eletronicos,Celular,1200.0,1,20,Entregue,Curitiba,4.0,960.0
1498,239,2023-09-01,Livros,Infantil,30.0,1,0,Entregue,Curitiba,5.0,30.0
1499,76,2023-09-02,Eletronicos,Relogio,350.0,5,0,Pendente,Belo Horizonte,,1750.0
1500,9,2023-11-30,Casa & Jardim,Luminaria,150.0,5,5,Entregue,Rio de Janeiro,3.0,712.5
1501,74,2023-04-13,Eletronicos,Celular,1200.0,3,20,Entregue,Curitiba,4.0,2880.0
1502,253,2023-05-28,Esportes,Haltere,200.0,2,15,Entregue,Porto Alegre,5.0,340.0
1503,230,2023-06-14,Esportes,Bicicleta,1500.0,4,5,Entregue,Porto Alegre,5.0,5700.0
1504,7,2023-05-27,Roupas,Calca,120.0,3,0,Pendente,Sao Paulo,,360.0
1505,174,2023-11-27,Esportes,Haltere,200.0,5,0,Entregue,Belo Horizonte,5.0,1000.0
1506,141,2023-01-31,Esportes,Tenis,250.0,4,0,Entregue,Rio de Janeiro,3.0,1000.0
1507,168,2023-02-15,Esportes,Bicicleta,1500.0,5,20,Entregue,Sao Paulo,1.0,6000.0
1508,170,2023-11-30,Esportes,Bicicleta,1500.0,4,20,Entregue,Belo Horizonte,4.0,4800.0
1509,283,2023-10-21,Casa & Jardim,Luminaria,150.0,2,5,Entregue,Curitiba,3.0,285.0
1510,122,2023-04-29,Eletronicos,Celular,1200.0,3,15,Entregue,Porto Alegre,5.0,3060.0
1511,194,2023-10-01,Casa & Jardim,Vaso,70.0,4,5,Entregue,Rio de Janeiro,3.0,266.0
1512,5,2023-01-20,Esportes,Bicicleta,1500.0,1,10,Cancelado,Porto Alegre,,1350.0
1513,29,2023-03-31,Esportes,Haltere,200.0,1,0,Entregue,Curitiba,1.0,200.0
1514,165,2023-08-02,Eletronicos,Camera,800.0,4,0,Entregue,Belo Horizonte,3.0,3200.0
1515,136,2023-04-01,Eletronicos,Camera,800.0,4,0,Entregue,Curitiba,3.0,3200.0
1516,145,2023-01-19,Casa & Jardim,Vaso,70.0,4,5,Pendente,Curitiba,,266.0
1517,217,2023-07-23,Eletronicos,Camera,800.0,1,5,Pendente,Porto Alegre,,760.0
1518,132,2023-09-11,Livros,Romance,40.0,1,0,Entregue,Rio de Janeiro,3.0,40.0
1519,292,2023-04-06,Livros,Tecnico,120.0,4,5,Em transito,Curitiba,,456.0
1520,70,2023-05-29,Esportes,Tenis,250.0,5,20,Entregue,Porto Alegre,3.0,1000.0
1521,252,2023-01-20,Roupas,Calca,120.0,5,20,Entregue,Rio de Janeiro,4.0,480.0
1522,275,2023-01-05,Casa & Jardim,Luminaria,150.0,2,5,Entregue,Belo Horizonte,4.0,285.0
1523,182,2023-06-02,Esportes,Haltere,200.0,3,0,Entregue,Belo Horizonte,5.0,600.0
1524,167,2023-10-18,Esportes,Tenis,250.0,5,5,Pendente,Sao Paulo,,1187.5
1525,91,2023-11-05,Roupas,Short,60.0,1,5,Entregue,Porto Alegre,4.0,57.0
1526,202,2023-02-24,Livros,Romance,40.0,5,5,Entregue,Rio de Janeiro,3.0,190.0
1527,19,2023-06-21,Casa & Jardim,Vaso,70.0,2,10,Cancelado,Curitiba,,126.0
1528,39,2023-05-26,Esportes,Tenis,250.0,2,20,Entregue,Belo Horizonte,5.0,400.0
1529,126,2023-08-21,Eletronicos,Relogio,350.0,3,15,Entregue,Rio de Janeiro,2.0,892.5
1530,173,2023-11-25,Livros,Romance,40.0,5,15,Entregue,Porto Alegre,3.0,170.0
1531,141,2023-10-06,Roupas,Short,60.0,1,10,Entregue,Sao Paulo,3.0,54.0
1532,242,2023-09-26,Livros,Romance,40.0,1,5,Entregue,Belo Horizonte,3.0,38.0
1533,220,2023-09-10,Livros,Tecnico,120.0,4,10,Entregue,Rio de Janeiro,3.0,432.0
1534,126,2023-03-10,Eletronicos,Celular,1200.0,1,10,Entregue,Rio de Janeiro,5.0,1080.0
1535,58,2023-09-16,Eletronicos,Camera,800.0,3,0,Entregue,Rio de Janeiro,2.0,2400.0
1536,148,2023-08-28,Eletronicos,Relogio,350.0,3,20,Pendente,Porto Alegre,,840.0
1537,1,2023-05-20,Roupas,Short,60.0,1,15,Entregue,Porto Alegre,2.0,51.0
1538,190,2023-04-09,Casa & Jardim,Luminaria,150.0,1,5,Entregue,Porto Alegre,2.0,142.5
1539,191,2023-02-27,Casa & Jardim,Vaso,70.0,4,15,Entregue,Curitiba,5.0,238.0
1540,117,2023-06-19,Esportes,Bicicleta,1500.0,1,15,Entregue,Rio de Janeiro,3.0,1275.0
1541,134,2023-03-25,Roupas,Short,60.0,4,20,Entregue,Belo Horizonte,5.0,192.0
1542,58,2023-08-23,Livros,Romance,40.0,4,15,Entregue,Porto Alegre,4.0,136.0
1543,44,2023-11-28,Esportes,Tenis,250.0,1,15,Entregue,Porto Alegre,2.0,212.5
1544,173,2023-05-12,Livros,Infantil,30.0,2,10,Cancelado,Rio de Janeiro,,54.0
1545,160,2023-04-06,Roupas,Blusa,80.0,2,20,Entregue,Porto Alegre,3.0,128.0
1546,173,2023-01-08,Casa & Jardim,Vaso,70.0,4,0,Pendente,Curitiba,,280.0
1547,149,2023-06-22,Casa & Jardim,Luminaria,150.0,1,5,Entregue,Curitiba,3.0,142.5
1548,80,2023-06-01,Casa & Jardim,Sofa,900.0,2,15,Pendente,Porto Alegre,,1530.0
1549,213,2023-10-18,Casa & Jardim,Luminaria,150.0,1,5,Entregue,Rio de Janeiro,1.0,142.5
1550,203,2023-12-12,Casa & Jardim,Luminaria,150.0,1,0,Pendente,Rio de Janeiro,,150.0
1551,252,2023-04-09,Livros,Infantil,30.0,1,5,Entregue,Rio de Janeiro,5.0,28.5
1552,229,2023-03-31,Esportes,Tenis,250.0,5,0,Entregue,Sao Paulo,5.0,1250.0
1553,164,2023-11-09,Esportes,Haltere,200.0,1,10,Entregue,Porto Alegre,5.0,180.0
1554,227,2023-11-24,Esportes,Bicicleta,1500.0,5,15,Pendente,Rio de Janeiro,,6375.0
1555,147,2023-07-27,Casa & Jardim,Luminaria,150.0,4,0,Entregue,Curitiba,5.0,600.0
1556,20,2023-08-07,Livros,Tecnico,120.0,2,5,Entregue,Belo Horizonte,3.0,228.0
1557,47,2023-09-21,Esportes,Bicicleta,1500.0,2,15,Entregue,Belo Horizonte,3.0,2550.0
1558,233,2023-06-17,Roupas,Calca,120.0,2,10,Entregue,Rio de Janeiro,3.0,216.0
1559,14,2023-02-14,Roupas,Calca,120.0,2,15,Entregue,Belo Horizonte,4.0,204.0
1560,143,2023-07-25,Esportes,Tenis,250.0,2,0,Entregue,Belo Horizonte,4.0,500.0
1561,1,2023-12-09,Esportes,Tenis,250.0,2,10,Em transito,Sao Paulo,,450.0
1562,54,2023-02-18,Casa & Jardim,Luminaria,150.0,2,5,Pendente,Curitiba,,285.0
1563,259,2023-04-05,Esportes,Haltere,200.0,4,10,Em transito,Curitiba,,720.0
1564,144,2023-03-13,Esportes,Bicicleta,1500.0,1,10,Entregue,Sao Paulo,3.0,1350.0
1565,12,2023-09-02,Roupas,Short,60.0,3,20,Cancelado,Sao Paulo,,144.0
1566,224,2023-06-15,Eletronicos,Celular,1200.0,5,10,Pendente,Belo Horizonte,,5400.0
1567,272,2023-05-08,Livros,Infantil,30.0,3,10,Entregue,Porto Alegre,5.0,81.0
1568,156,2023-01-04,Casa & Jardim,Sofa,900.0,3,15,Entregue,Belo Horizonte,5.0,2295.0
1569,8,2023-05-14,Esportes,Tenis,250.0,1,5,Entregue,Sao Paulo,4.0,237.5
1570,122,2023-07-16,Livros,Tecnico,120.0,1,15,Pendente,Curitiba,,102.0
1571,164,2023-05-01,Eletronicos,Relogio,350.0,1,15,Entregue,Belo Horizonte,4.0,297.5
1572,90,2023-08-17,Roupas,Short,60.0,2,0,Entregue,Porto Alegre,2.0,120.0
1573,136,2023-05-17,Roupas,Blusa,80.0,4,15,Entregue,Belo Horizonte,4.0,272.0
1574,186,2023-06-18,Esportes,Bicicleta,1500.0,2,20,Cancelado,Rio de Janeiro,,2400.0
1575,178,2023-06-04,Casa & Jardim,Luminaria,150.0,4,20,Cancelado,Belo Horizonte,,480.0
1576,28,2023-10-26,Esportes,Haltere,200.0,4,0,Em transito,Sao Paulo,,800.0
1577,220,2023-10-21,Eletronicos,Camera,800.0,3,5,Entregue,Curitiba,5.0,2280.0
1578,41,2023-01-06,Livros,Tecnico,120.0,3,5,Entregue,Curitiba,5.0,342.0
1579,228,2023-05-14,Casa & Jardim,Luminaria,150.0,4,15,Entregue,Sao Paulo,4.0,510.0
1580,192,2023-12-01,Esportes,Haltere,200.0,4,15,Entregue,Rio de Janeiro,1.0,680.0
1581,145,2023-07-04,Eletronicos,Relogio,350.0,2,15,Entregue,Sao Paulo,3.0,595.0
1582,201,2023-12-21,Eletronicos,Celular,1200.0,2,5,Entregue,Belo Horizonte,4.0,2280.0
1583,212,2023-05-01,Casa & Jardim,Sofa,900.0,3,10,Entregue,Sao Paulo,5.0,2430.0
1584,220,2023-02-01,Eletronicos,Camera,800.0,1,20,Entregue,Sao Paulo,2.0,640.0
1585,240,2023-12-08,Eletronicos,Relogio,350.0,4,10,Cancelado,Rio de Janeiro,,1260.0
1586,46,2023-03-02,Eletronicos,Camera,800.0,2,10,Entregue,Belo Horizonte,2.0,1440.0
1587,35,2023-08-27,Roupas,Calca,120.0,3,5,Cancelado,Porto Alegre,,342.0
1588,253,2023-06-07,Casa & Jardim,Sofa,900.0,2,10,Entregue,Porto Alegre,4.0,1620.0
1589,82,2023-03-23,Eletronicos,Camera,800.0,4,0,Entregue,Curitiba,5.0,3200.0
1590,256,2023-07-27,Eletronicos,Camera,800.0,4,15,Entregue,Sao Paulo,3.0,2720.0
1591,197,2023-12-18,Casa & Jardim,Vaso,70.0,5,0,Entregue,Curitiba,4.0,350.0
1592,10,2023-09-15,Esportes,Tenis,250.0,1,20,Entregue,Rio de Janeiro,3.0,200.0
1593,286,2023-12-27,Roupas,Calca,120.0,5,15,Entregue,Porto Alegre,2.0,510.0
1594,242,2023-06-09,Esportes,Haltere,200.0,3,10,Entregue,Sao Paulo,5.0,540.0
1595,251,2023-12-20,Roupas,Blusa,80.0,2,20,Entregue,Rio de Janeiro,5.0,128.0
1596,5,2023-03-02,Roupas,Blusa,80.0,3,15,Entregue,Rio de Janeiro,5.0,204.0
1597,119,2023-11-24,Livros,Tecnico,120.0,4,10,Em transito,Sao Paulo,,432.0
1598,289,2023-06-01,Livros,Infantil,30.0,5,0,Pendente,Rio de Janeiro,,150.0
1599,65,2023-07-08,Roupas,Short,60.0,5,15,Pendente,Sao Paulo,,255.0
1600,146,2023-11-11,Livros,Romance,40.0,5,10,Entregue,Sao Paulo,3.0,180.0
1601,224,2023-04-24,Roupas,Short,60.0,3,0,Pendente,Belo Horizonte,,180.0
1602,239,2023-04-23,Casa & Jardim,Vaso,70.0,4,20,Pendente,Curitiba,,224.0
1603,177,2023-03-10,Casa & Jardim,Luminaria,150.0,2,20,Entregue,Rio de Janeiro,4.0,240.0
1604,267,2023-09-02,Eletronicos,Camera,800.0,2,20,Em transito,Rio de Janeiro,,1280.0
1605,282,2023-03-20,Casa & Jardim,Luminaria,150.0,3,20,Entregue,Belo Horizonte,4.0,360.0
1606,63,2023-08-21,Livros,Romance,40.0,5,5,Cancelado,Belo Horizonte,,190.0
1607,217,2023-11-07,Eletronicos,Camera,800.0,1,15,Cancelado,Belo Horizonte,,680.0
1608,283,2023-07-11,Casa & Jardim,Luminaria,150.0,3,15,Entregue,Porto Alegre,2.0,382.5
1609,177,2023-08-01,Casa & Jardim,Luminaria,150.0,3,5,Entregue,Porto Alegre,3.0,427.5
1610,98,2023-12-26,Esportes,Haltere,200.0,4,10,Em transito,Porto Alegre,,720.0
1611,105,2023-10-09,Casa & Jardim,Vaso,70.0,2,10,Entregue,Sao Paulo,3.0,126.0
1612,99,2023-08-30,Casa & Jardim,Sofa,900.0,3,20,Entregue,Rio de Janeiro,4.0,2160.0
1613,6,2023-10-03,Esportes,Bicicleta,1500.0,3,0,Em transito,Curitiba,,4500.0
1614,197,2023-12-07,Eletronicos,Celular,1200.0,5,10,Entregue,Sao Paulo,4.0,5400.0
1615,133,2023-04-22,Esportes,Haltere,200.0,5,0,Entregue,Rio de Janeiro,4.0,1000.0
1616,259,2023-05-07,Casa & Jardim,Luminaria,150.0,1,15,Entregue,Rio de Janeiro,5.0,127.5
1617,23,2023-12-15,Casa & Jardim,Luminaria,150.0,4,0,Entregue,Belo Horizonte,3.0,600.0
1618,53,2023-11-02,Casa & Jardim,Sofa,900.0,1,15,Entregue,Belo Horizonte,4.0,765.0
1619,165,2023-02-11,Esportes,Bicicleta,1500.0,5,5,Entregue,Sao Paulo,5.0,7125.0
1620,202,2023-09-27,Eletronicos,Relogio,350.0,2,5,Entregue,Belo Horizonte,3.0,665.0
1621,83,2023-08-17,Eletronicos,Relogio,350.0,5,20,Entregue,Rio de Janeiro,2.0,1400.0
1622,145,2023-09-28,Esportes,Bicicleta,1500.0,4,10,Pendente,Belo Horizonte,,5400.0
1623,85,2023-12-27,Roupas,Calca,120.0,5,20,Entregue,Porto Alegre,3.0,480.0
1624,78,2023-07-05,Casa & Jardim,Sofa,900.0,4,15,Entregue,Belo Horizonte,4.0,3060.0
1625,1,2023-02-09,Roupas,Calca,120.0,4,20,Entregue,Rio de Janeiro,1.0,384.0
1626,51,2023-10-16,Casa & Jardim,Luminaria,150.0,4,0,Entregue,Sao Paulo,4.0,600.0
1627,173,2023-02-27,Roupas,Calca,120.0,4,15,Entregue,Curitiba,3.0,408.0
1628,205,2023-02-01,Eletronicos,Relogio,350.0,4,5,Entregue,Belo Horizonte,2.0,1330.0
1629,260,2023-10-08,Eletronicos,Camera,800.0,2,10,Cancelado,Rio de Janeiro,,1440.0
1630,288,2023-09-16,Esportes,Tenis,250.0,1,15,Entregue,Curitiba,3.0,212.5
1631,34,2023-04-14,Livros,Tecnico,120.0,3,15,Entregue,Curitiba,4.0,306.0
1632,95,2023-10-21,Roupas,Blusa,80.0,1,0,Entregue,Porto Alegre,2.0,80.0
1633,72,2023-10-02,Casa & Jardim,Vaso,70.0,4,10,Entregue,Curitiba,2.0,252.0
1634,39,2023-03-18,Esportes,Tenis,250.0,2,5,Entregue,Rio de Janeiro,3.0,475.0
1635,154,2023-03-26,Roupas,Blusa,80.0,5,15,Entregue,Rio de Janeiro,2.0,340.0
1636,250,2023-06-17,Livros,Tecnico,120.0,2,15,Entregue,Belo Horizonte,5.0,204.0
1637,162,2023-09-24,Livros,Infantil,30.0,4,0,Pendente,Belo Horizonte,,120.0
1638,118,2023-08-15,Casa & Jardim,Sofa,900.0,2,20,Entregue,Belo Horizonte,4.0,1440.0
1639,259,2023-03-01,Casa & Jardim,Vaso,70.0,2,5,Entregue,Curitiba,2.0,133.0
1640,268,2023-12-15,Casa & Jardim,Luminaria,150.0,4,10,Entregue,Curitiba,3.0,540.0
1641,54,2023-04-16,Casa & Jardim,Sofa,900.0,2,15,Entregue,Porto Alegre,5.0,1530.0
1642,236,2023-10-26,Esportes,Tenis,250.0,3,15,Entregue,Belo Horizonte,3.0,637.5
1643,222,2023-09-08,Roupas,Blusa,80.0,3,5,Entregue,Sao Paulo,5.0,228.0
1644,251,2023-02-16,Esportes,Haltere,200.0,2,20,Entregue,Porto Alegre,3.0,320.0
1645,112,2023-09-19,Casa & Jardim,Sofa,900.0,5,15,Entregue,Sao Paulo,5.0,3825.0
1646,255,2023-08-17,Esportes,Tenis,250.0,4,5,Entregue,Curitiba,4.0,950.0
1647,207,2023-01-29,Casa & Jardim,Luminaria,150.0,3,0,Entregue,Porto Alegre,5.0,450.0
1648,229,2023-08-21,Eletronicos,Camera,800.0,5,20,Entregue,Porto Alegre,4.0,3200.0
1649,66,2023-03-09,Casa & Jardim,Luminaria,150.0,2,10,Entregue,Rio de Janeiro,4.0,270.0
1650,75,2023-09-20,Casa & Jardim,Luminaria,150.0,5,15,Entregue,Curitiba,3.0,637.5
1651,103,2023-08-01,Esportes,Haltere,200.0,1,5,Cancelado,Curitiba,,190.0
1652,192,2023-08-22,Casa & Jardim,Sofa,900.0,3,0,Entregue,Porto Alegre,5.0,2700.0
1653,252,2023-10-16,Roupas,Short,60.0,2,10,Pendente,Curitiba,,108.0
1654,226,2023-01-30,Eletronicos,Relogio,350.0,4,5,Entregue,Porto Alegre,4.0,1330.0
1655,294,2023-10-14,Livros,Tecnico,120.0,2,5,Entregue,Rio de Janeiro,5.0,228.0
1656,98,2023-08-25,Livros,Romance,40.0,4,10,Entregue,Porto Alegre,3.0,144.0
1657,286,2023-12-11,Eletronicos,Relogio,350.0,2,0,Entregue,Curitiba,5.0,700.0
1658,249,2023-06-07,Esportes,Haltere,200.0,5,0,Entregue,Curitiba,5.0,1000.0
1659,166,2023-01-12,Casa & Jardim,Luminaria,150.0,5,20,Cancelado,Porto Alegre,,600.0
1660,30,2023-07-22,Esportes,Tenis,250.0,5,15,Entregue,Porto Alegre,5.0,1062.5
1661,247,2023-05-11,Roupas,Blusa,80.0,1,10,Cancelado,Porto Alegre,,72.0
1662,106,2023-01-02,Eletronicos,Camera,800.0,4,10,Entregue,Belo Horizonte,3.0,2880.0
1663,51,2023-04-22,Esportes,Tenis,250.0,5,10,Pendente,Curitiba,,1125.0
1664,81,2023-10-24,Eletronicos,Celular,1200.0,1,0,Entregue,Curitiba,3.0,1200.0
1665,133,2023-02-07,Livros,Romance,40.0,4,15,Pendente,Belo Horizonte,,136.0
1666,285,2023-01-24,Esportes,Bicicleta,1500.0,2,20,Entregue,Porto Alegre,5.0,2400.0
1667,138,2023-08-05,Casa & Jardim,Luminaria,150.0,1,5,Entregue,Rio de Janeiro,4.0,142.5
1668,184,2023-06-26,Livros,Tecnico,120.0,3,5,Entregue,Porto Alegre,3.0,342.0
1669,273,2023-12-25,Livros,Infantil,30.0,1,10,Pendente,Porto Alegre,,27.0
1670,69,2023-02-02,Roupas,Short,60.0,1,15,Entregue,Belo Horizonte,4.0,51.0
1671,34,2023-10-05,Eletronicos,Camera,800.0,4,0,Cancelado,Curitiba,,3200.0
1672,262,2023-01-31,Livros,Tecnico,120.0,2,15,Entregue,Porto Alegre,4.0,204.0
1673,53,2023-02-05,Casa & Jardim,Sofa,900.0,3,15,Pendente,Curitiba,,2295.0
1674,205,2023-08-30,Casa & Jardim,Sofa,900.0,5,0,Cancelado,Sao Paulo,,4500.0
1675,126,2023-01-17,Esportes,Bicicleta,1500.0,5,10,Pendente,Curitiba,,6750.0
1676,235,2023-05-27,Roupas,Short,60.0,1,15,Entregue,Rio de Janeiro,5.0,51.0
1677,43,2023-07-29,Eletronicos,Relogio,350.0,4,5,Entregue,Rio de Janeiro,3.0,1330.0
1678,240,2023-04-03,Casa & Jardim,Luminaria,150.0,4,0,Em transito,Porto Alegre,,600.0
1679,111,2023-03-11,Casa & Jardim,Sofa,900.0,5,20,Entregue,Curitiba,5.0,3600.0
1680,249,2023-11-25,Esportes,Bicicleta,1500.0,3,10,Entregue,Porto Alegre,4.0,4050.0
1681,151,2023-11-27,Roupas,Blusa,80.0,2,0,Entregue,Belo Horizonte,5.0,160.0
1682,183,2023-08-04,Esportes,Tenis,250.0,3,20,Pendente,Rio de Janeiro,,600.0
1683,95,2023-07-11,Roupas,Calca,120.0,2,20,Entregue,Porto Alegre,4.0,192.0
1684,8,2023-07-15,Livros,Romance,40.0,5,15,Entregue,Belo Horizonte,5.0,170.0
1685,184,2023-08-18,Eletronicos,Camera,800.0,2,15,Pendente,Porto Alegre,,1360.0
1686,281,2023-07-13,Roupas,Blusa,80.0,4,15,Entregue,Curitiba,5.0,272.0
1687,195,2023-07-12,Livros,Romance,40.0,1,0,Cancelado,Curitiba,,40.0
1688,195,2023-02-11,Eletronicos,Relogio,350.0,1,0,Entregue,Curitiba,2.0,350.0
1689,155,2023-12-16,Roupas,Calca,120.0,5,10,Entregue,Curitiba,4.0,540.0
1690,93,2023-12-05,Roupas,Blusa,80.0,4,15,Entregue,Sao Paulo,4.0,272.0
1691,160,2023-10-04,Casa & Jardim,Sofa,900.0,3,20,Entregue,Belo Horizonte,4.0,2160.0
1692,61,2023-03-10,Livros,Romance,40.0,4,5,Cancelado,Belo Horizonte,,152.0
1693,122,2023-12-01,Casa & Jardim,Sofa,900.0,1,10,Entregue,Curitiba,4.0,810.0
1694,51,2023-06-28,Roupas,Calca,120.0,1,0,Entregue,Sao Paulo,4.0,120.0
1695,277,2023-03-02,Casa & Jardim,Sofa,900.0,4,10,Entregue,Curitiba,3.0,3240.0
1696,5,2023-04-02,Eletronicos,Relogio,350.0,4,10,Entregue,Sao Paulo,5.0,1260.0
1697,92,2023-10-03,Eletronicos,Celular,1200.0,1,10,Entregue,Curitiba,4.0,1080.0
1698,170,2023-07-21,Eletronicos,Camera,800.0,3,10,Entregue,Rio de Janeiro,3.0,2160.0
1699,22,2023-09-28,Roupas,Calca,120.0,5,5,Entregue,Rio de Janeiro,3.0,570.0
1700,1,2023-03-07,Casa & Jardim,Sofa,900.0,5,15,Cancelado,Porto Alegre,,3825.0
1701,133,2023-04-25,Roupas,Short,60.0,4,20,Entregue,Curitiba,4.0,192.0
1702,233,2023-01-02,Eletronicos,Celular,1200.0,5,10,Entregue,Belo Horizonte,3.0,5400.0
1703,12,2023-01-12,Esportes,Haltere,200.0,1,10,Entregue,Porto Alegre,5.0,180.0
1704,46,2023-06-02,Eletronicos,Relogio,350.0,1,10,Pendente,Rio de Janeiro,,315.0
1705,34,2023-08-26,Eletronicos,Camera,800.0,4,15,Entregue,Curitiba,5.0,2720.0
1706,78,2023-12-11,Esportes,Bicicleta,1500.0,4,0,Entregue,Porto Alegre,4.0,6000.0
1707,218,2023-10-06,Livros,Infantil,30.0,4,0,Entregue,Curitiba,4.0,120.0
1708,73,2023-08-06,Eletronicos,Camera,800.0,3,5,Em transito,Rio de Janeiro,,2280.0
1709,282,2023-09-30,Livros,Romance,40.0,5,0,Entregue,Porto Alegre,4.0,200.0
1710,249,2023-07-14,Livros,Romance,40.0,4,10,Pendente,Rio de Janeiro,,144.0
1711,47,2023-04-28,Livros,Tecnico,120.0,2,10,Entregue,Sao Paulo,3.0,216.0
1712,121,2023-05-07,Esportes,Haltere,200.0,2,10,Entregue,Rio de Janeiro,4.0,360.0
1713,214,2023-08-24,Eletronicos,Celular,1200.0,1,5,Pendente,Curitiba,,1140.0
1714,239,2023-06-27,Esportes,Bicicleta,1500.0,5,10,Entregue,Belo Horizonte,3.0,6750.0
1715,56,2023-03-21,Esportes,Haltere,200.0,4,0,Cancelado,Rio de Janeiro,,800.0
1716,107,2023-05-22,Eletronicos,Camera,800.0,2,15,Cancelado,Belo Horizonte,,1360.0
1717,48,2023-04-07,Esportes,Tenis,250.0,5,15,Cancelado,Sao Paulo,,1062.5
1718,61,2023-02-27,Eletronicos,Camera,800.0,1,20,Entregue,Porto Alegre,3.0,640.0
1719,26,2023-01-17,Livros,Romance,40.0,3,0,Pendente,Porto Alegre,,120.0
1720,292,2023-12-05,Eletronicos,Celular,1200.0,5,10,Entregue,Belo Horizonte,5.0,5400.0
1721,257,2023-08-03,Casa & Jardim,Luminaria,150.0,5,15,Cancelado,Porto Alegre,,637.5
1722,8,2023-11-11,Livros,Infantil,30.0,3,0,Entregue,Rio de Janeiro,3.0,90.0
1723,113,2023-01-09,Casa & Jardim,Vaso,70.0,5,15,Pendente,Belo Horizonte,,297.5
1724,253,2023-05-04,Livros,Infantil,30.0,1,10,Entregue,Curitiba,4.0,27.0
1725,180,2023-04-16,Casa & Jardim,Vaso,70.0,1,15,Entregue,Rio de Janeiro,5.0,59.5
1726,207,2023-02-04,Livros,Infantil,30.0,3,20,Entregue,Rio de Janeiro,5.0,72.0
1727,127,2023-02-21,Esportes,Tenis,250.0,4,20,Pendente,Rio de Janeiro,,800.0
1728,56,2023-11-01,Eletronicos,Relogio,350.0,2,15,Entregue,Curitiba,4.0,595.0
1729,214,2023-01-18,Livros,Infantil,30.0,4,0,Entregue,Sao Paulo,3.0,120.0
1730,14,2023-08-17,Roupas,Short,60.0,5,0,Pendente,Porto Alegre,,300.0
1731,28,2023-11-03,Esportes,Tenis,250.0,2,0,Entregue,Belo Horizonte,2.0,500.0
1732,78,2023-12-11,Esportes,Bicicleta,1500.0,3,15,Entregue,Sao Paulo,5.0,3825.0
1733,216,2023-12-27,Esportes,Bicicleta,1500.0,3,0,Entregue,Belo Horizonte,2.0,4500.0
1734,154,2023-01-25,Esportes,Haltere,200.0,2,10,Entregue,Porto Alegre,3.0,360.0
1735,14,2023-05-06,Eletronicos,Camera,800.0,1,20,Entregue,Curitiba,5.0,640.0
1736,187,2023-01-23,Esportes,Bicicleta,1500.0,2,10,Entregue,Rio de Janeiro,4.0,2700.0
1737,7,2023-07-25,Casa & Jardim,Vaso,70.0,5,0,Entregue,Rio de Janeiro,4.0,350.0
1738,3,2023-08-13,Roupas,Calca,120.0,1,10,Entregue,Curitiba,4.0,108.0
1739,111,2023-04-30,Esportes,Tenis,250.0,3,0,Pendente,Sao Paulo,,750.0
1740,238,2023-10-04,Eletronicos,Celular,1200.0,2,15,Entregue,Sao Paulo,3.0,2040.0
1741,239,2023-04-22,Eletronicos,Camera,800.0,4,10,Entregue,Belo Horizonte,5.0,2880.0
1742,274,2023-01-29,Eletronicos,Relogio,350.0,4,15,Cancelado,Curitiba,,1190.0
1743,294,2023-03-13,Casa & Jardim,Sofa,900.0,5,15,Entregue,Sao Paulo,5.0,3825.0
1744,227,2023-09-15,Livros,Romance,40.0,4,5,Entregue,Curitiba,5.0,152.0
1745,15,2023-05-29,Livros,Infantil,30.0,2,0,Pendente,Porto Alegre,,60.0
1746,192,2023-04-30,Livros,Tecnico,120.0,2,20,Cancelado,Rio de Janeiro,,192.0
1747,119,2023-10-22,Eletronicos,Camera,800.0,4,0,Pendente,Rio de Janeiro,,3200.0
1748,28,2023-06-13,Casa & Jardim,Luminaria,150.0,2,20,Pendente,Rio de Janeiro,,240.0
1749,202,2023-10-23,Esportes,Haltere,200.0,5,0,Pendente,Curitiba,,1000.0
1750,39,2023-11-03,Eletronicos,Camera,800.0,1,15,Entregue,Curitiba,4.0,680.0
1751,273,2023-12-11,Livros,Tecnico,120.0,5,10,Pendente,Belo Horizonte,,540.0
1752,231,2023-06-14,Casa & Jardim,Sofa,900.0,5,10,Entregue,Rio de Janeiro,3.0,4050.0
1753,86,2023-05-02,Livros,Infantil,30.0,2,5,Cancelado,Belo Horizonte,,57.0
1754,126,2023-06-04,Roupas,Blusa,80.0,1,20,Entregue,Rio de Janeiro,3.0,64.0
1755,300,2023-03-15,Esportes,Tenis,250.0,2,20,Entregue,Belo Horizonte,4.0,400.0
1756,25,2023-12-05,Eletronicos,Camera,800.0,3,20,Entregue,Belo Horizonte,5.0,1920.0
1757,145,2023-09-24,Livros,Tecnico,120.0,2,15,Pendente,Porto Alegre,,204.0
1758,13,2023-04-24,Eletronicos,Camera,800.0,2,20,Entregue,Belo Horizonte,4.0,1280.0
1759,212,2023-07-31,Livros,Romance,40.0,2,10,Cancelado,Curitiba,,72.0
1760,25,2023-06-03,Esportes,Haltere,200.0,1,15,Pendente,Belo Horizonte,,170.0
1761,68,2023-05-21,Livros,Infantil,30.0,2,0,Entregue,Rio de Janeiro,5.0,60.0
1762,67,2023-02-01,Livros,Romance,40.0,1,20,Pendente,Belo Horizonte,,32.0
1763,233,2023-10-13,Livros,Infantil,30.0,4,20,Pendente,Sao Paulo,,96.0
1764,109,2023-10-30,Casa & Jardim,Sofa,900.0,3,0,Entregue,Rio de Janeiro,2.0,2700.0
1765,146,2023-03-31,Roupas,Short,60.0,1,20,Entregue,Sao Paulo,5.0,48.0
1766,111,2023-11-17,Casa & Jardim,Vaso,70.0,4,0,Entregue,Rio de Janeiro,2.0,280.0
1767,228,2023-12-14,Casa & Jardim,Sofa,900.0,1,15,Entregue,Curitiba,3.0,765.0
1768,111,2023-08-07,Roupas,Blusa,80.0,1,10,Entregue,Curitiba,4.0,72.0
1769,34,2023-10-12,Livros,Infantil,30.0,3,0,Cancelado,Curitiba,,90.0
1770,111,2023-09-11,Esportes,Tenis,250.0,5,5,Entregue,Sao Paulo,4.0,1187.5
1771,264,2023-01-25,Roupas,Calca,120.0,5,0,Pendente,Porto Alegre,,600.0
1772,236,2023-06-26,Eletronicos,Celular,1200.0,1,20,Entregue,Rio de Janeiro,4.0,960.0
1773,83,2023-11-26,Livros,Romance,40.0,2,15,Entregue,Curitiba,4.0,68.0
1774,42,2023-12-10,Esportes,Bicicleta,1500.0,4,15,Pendente,Rio de Janeiro,,5100.0
1775,101,2023-07-15,Esportes,Bicicleta,1500.0,2,0,Cancelado,Sao Paulo,,3000.0
1776,6,2023-09-26,Roupas,Short,60.0,2,10,Entregue,Porto Alegre,5.0,108.0
1777,180,2023-06-13,Casa & Jardim,Luminaria,150.0,1,5,Entregue,Sao Paulo,5.0,142.5
1778,282,2023-12-23,Casa & Jardim,Luminaria,150.0,1,15,Entregue,Rio de Janeiro,4.0,127.5
1779,226,2023-08-02,Livros,Romance,40.0,1,20,Entregue,Porto Alegre,3.0,32.0
1780,229,2023-07-29,Eletronicos,Celular,1200.0,1,20,Entregue,Porto Alegre,4.0,960.0
1781,289,2023-03-18,Roupas,Calca,120.0,5,10,Entregue,Sao Paulo,4.0,540.0
1782,150,2023-06-03,Eletronicos,Relogio,350.0,1,15,Entregue,Curitiba,4.0,297.5
1783,277,2023-07-12,Eletronicos,Camera,800.0,5,0,Pendente,Rio de Janeiro,,4000.0
1784,198,2023-04-05,Esportes,Haltere,200.0,5,20,Entregue,Belo Horizonte,4.0,800.0
1785,70,2023-10-03,Esportes,Bicicleta,1500.0,1,10,Entregue,Belo Horizonte,3.0,1350.0
1786,112,2023-08-31,Livros,Tecnico,120.0,3,15,Entregue,Sao Paulo,4.0,306.0
1787,4,2023-05-04,Esportes,Bicicleta,1500.0,4,15,Pendente,Rio de Janeiro,,5100.0
1788,95,2023-04-26,Roupas,Calca,120.0,2,15,Cancelado,Rio de Janeiro,,204.0
1789,152,2023-06-03,Eletronicos,Camera,800.0,5,15,Entregue,Sao Paulo,3.0,3400.0
1790,137,2023-12-29,Esportes,Tenis,250.0,4,15,Pendente,Rio de Janeiro,,850.0
1791,247,2023-03-15,Casa & Jardim,Luminaria,150.0,3,20,Entregue,Curitiba,4.0,360.0
1792,243,2023-08-26,Livros,Tecnico,120.0,2,10,Entregue,Sao Paulo,4.0,216.0
1793,31,2023-01-30,Livros,Infantil,30.0,2,15,Entregue,Curitiba,4.0,51.0
1794,40,2023-10-15,Casa & Jardim,Sofa,900.0,5,5,Entregue,Rio de Janeiro,3.0,4275.0
1795,229,2023-07-31,Roupas,Short,60.0,1,5,Pendente,Sao Paulo,,57.0
1796,36,2023-08-02,Livros,Romance,40.0,3,10,Cancelado,Rio de Janeiro,,108.0
1797,223,2023-10-13,Eletronicos,Celular,1200.0,5,0,Entregue,Sao Paulo,5.0,6000.0
1798,6,2023-09-29,Casa & Jardim,Sofa,900.0,3,0,Entregue,Rio de Janeiro,5.0,2700.0
1799,220,2023-03-10,Roupas,Short,60.0,1,0,Entregue,Curitiba,4.0,60.0
1800,75,2023-07-18,Casa & Jardim,Vaso,70.0,1,5,Entregue,Curitiba,3.0,66.5
1801,4,2023-05-05,Eletronicos,Celular,1200.0,5,0,Entregue,Rio de Janeiro,5.0,6000.0
1802,134,2023-05-11,Esportes,Haltere,200.0,1,20,Entregue,Sao Paulo,1.0,160.0
1803,118,2023-04-15,Esportes,Tenis,250.0,4,15,Entregue,Belo Horizonte,4.0,850.0
1804,94,2023-06-19,Roupas,Short,60.0,2,5,Entregue,Curitiba,3.0,114.0
1805,62,2023-11-28,Livros,Infantil,30.0,5,10,Entregue,Curitiba,5.0,135.0
1806,194,2023-02-10,Roupas,Calca,120.0,3,10,Entregue,Belo Horizonte,1.0,324.0
1807,203,2023-08-19,Livros,Infantil,30.0,4,15,Pendente,Rio de Janeiro,,102.0
1808,26,2023-07-09,Casa & Jardim,Sofa,900.0,5,5,Entregue,Sao Paulo,5.0,4275.0
1809,173,2023-02-17,Esportes,Haltere,200.0,1,0,Em transito,Rio de Janeiro,,200.0
1810,300,2023-10-02,Eletronicos,Camera,800.0,1,0,Entregue,Porto Alegre,2.0,800.0
1811,133,2023-04-08,Eletronicos,Camera,800.0,1,20,Pendente,Curitiba,,640.0
1812,118,2023-01-27,Eletronicos,Camera,800.0,1,20,Cancelado,Porto Alegre,,640.0
1813,275,2023-05-18,Livros,Tecnico,120.0,3,0,Entregue,Curitiba,4.0,360.0
1814,212,2023-07-13,Livros,Tecnico,120.0,4,10,Entregue,Curitiba,3.0,432.0
1815,225,2023-12-11,Esportes,Bicicleta,1500.0,2,10,Pendente,Porto Alegre,,2700.0
1816,20,2023-11-06,Eletronicos,Camera,800.0,3,20,Entregue,Porto Alegre,4.0,1920.0
1817,113,2023-11-05,Eletronicos,Camera,800.0,3,15,Entregue,Rio de Janeiro,2.0,2040.0
1818,140,2023-01-21,Roupas,Calca,120.0,2,0,Entregue,Porto Alegre,2.0,240.0
1819,47,2023-02-07,Esportes,Haltere,200.0,2,20,Entregue,Rio de Janeiro,5.0,320.0
1820,1,2023-04-07,Casa & Jardim,Sofa,900.0,1,20,Entregue,Rio de Janeiro,3.0,720.0
1821,90,2023-10-28,Esportes,Tenis,250.0,3,0,Cancelado,Rio de Janeiro,,750.0
1822,142,2023-12-10,Roupas,Short,60.0,5,0,Entregue,Curitiba,4.0,300.0
1823,38,2023-10-14,Livros,Tecnico,120.0,2,10,Entregue,Curitiba,5.0,216.0
1824,293,2023-04-22,Livros,Romance,40.0,2,15,Cancelado,Porto Alegre,,68.0
1825,139,2023-09-03,Esportes,Bicicleta,1500.0,4,15,Entregue,Curitiba,4.0,5100.0
1826,259,2023-04-17,Casa & Jardim,Sofa,900.0,5,0,Em transito,Porto Alegre,,4500.0
1827,161,2023-06-20,Casa & Jardim,Sofa,900.0,5,5,Entregue,Curitiba,1.0,4275.0
1828,178,2023-06-05,Eletronicos,Relogio,350.0,2,20,Entregue,Sao Paulo,2.0,560.0
1829,10,2023-01-08,Eletronicos,Relogio,350.0,1,20,Pendente,Sao Paulo,,280.0
1830,261,2023-04-19,Livros,Romance,40.0,4,0,Entregue,Porto Alegre,2.0,160.0
1831,138,2023-04-08,Casa & Jardim,Vaso,70.0,5,5,Pendente,Curitiba,,332.5
1832,172,2023-03-02,Roupas,Blusa,80.0,2,10,Em transito,Curitiba,,144.0
1833,13,2023-09-03,Eletronicos,Celular,1200.0,5,0,Pendente,Rio de Janeiro,,6000.0
1834,168,2023-05-05,Casa & Jardim,Sofa,900.0,4,0,Entregue,Belo Horizonte,3.0,3600.0
1835,130,2023-12-23,Roupas,Calca,120.0,4,20,Cancelado,Porto Alegre,,384.0
1836,84,2023-11-06,Roupas,Calca,120.0,3,0,Entregue,Belo Horizonte,1.0,360.0
1837,101,2023-12-27,Eletronicos,Celular,1200.0,2,0,Entregue,Belo Horizonte,4.0,2400.0
1838,273,2023-04-15,Esportes,Bicicleta,1500.0,4,0,Cancelado,Porto Alegre,,6000.0
1839,265,2023-07-23,Livros,Infantil,30.0,3,20,Entregue,Curitiba,4.0,72.0
1840,38,2023-05-03,Esportes,Haltere,200.0,3,10,Pendente,Porto Alegre,,540.0
1841,94,2023-10-10,Livros,Infantil,30.0,5,10,Cancelado,Belo Horizonte,,135.0
1842,95,2023-06-14,Livros,Tecnico,120.0,5,0,Pendente,Curitiba,,600.0
1843,69,2023-05-25,Casa & Jardim,Sofa,900.0,3,20,Entregue,Sao Paulo,4.0,2160.0
1844,236,2023-07-14,Esportes,Tenis,250.0,5,10,Pendente,Porto Alegre,,1125.0
1845,137,2023-08-27,Esportes,Bicicleta,1500.0,4,10,Entregue,Porto Alegre,5.0,5400.0
1846,76,2023-10-01,Casa & Jardim,Vaso,70.0,1,10,Cancelado,Curitiba,,63.0
1847,35,2023-11-29,Livros,Romance,40.0,4,20,Entregue,Sao Paulo,5.0,128.0
1848,1,2023-07-03,Casa & Jardim,Luminaria,150.0,3,20,Entregue,Sao Paulo,5.0,360.0
1849,296,2023-06-07,Eletronicos,Camera,800.0,3,0,Entregue,Curitiba,4.0,2400.0
1850,60,2023-05-14,Esportes,Bicicleta,1500.0,4,15,Entregue,Rio de Janeiro,5.0,5100.0
1851,267,2023-07-04,Eletronicos,Celular,1200.0,5,10,Entregue,Porto Alegre,3.0,5400.0
1852,229,2023-09-20,Casa & Jardim,Vaso,70.0,5,15,Pendente,Porto Alegre,,297.5
1853,270,2023-09-12,Eletronicos,Relogio,350.0,3,20,Entregue,Belo Horizonte,4.0,840.0
1854,286,2023-08-27,Eletronicos,Relogio,350.0,2,20,Entregue,Curitiba,4.0,560.0
1855,291,2023-02-20,Livros,Infantil,30.0,5,20,Entregue,Belo Horizonte,5.0,120.0
1856,213,2023-08-29,Esportes,Bicicleta,1500.0,4,15,Entregue,Belo Horizonte,3.0,5100.0
1857,165,2023-06-13,Livros,Infantil,30.0,5,20,Entregue,Sao Paulo,3.0,120.0
1858,5,2023-04-15,Eletronicos,Camera,800.0,4,0,Entregue,Porto Alegre,5.0,3200.0
1859,78,2023-07-09,Livros,Infantil,30.0,3,20,Entregue,Belo Horizonte,2.0,72.0
1860,62,2023-06-10,Roupas,Short,60.0,5,5,Entregue,Sao Paulo,4.0,285.0
1861,132,2023-07-31,Livros,Tecnico,120.0,4,15,Entregue,Curitiba,5.0,408.0
1862,89,2023-01-24,Livros,Romance,40.0,3,5,Entregue,Belo Horizonte,4.0,114.0
1863,237,2023-10-16,Eletronicos,Camera,800.0,2,20,Entregue,Porto Alegre,4.0,1280.0
1864,42,2023-04-24,Eletronicos,Camera,800.0,4,0,Pendente,Belo Horizonte,,3200.0
1865,89,2023-03-16,Eletronicos,Relogio,350.0,2,10,Pendente,Curitiba,,630.0
1866,296,2023-01-09,Roupas,Blusa,80.0,2,20,Entregue,Belo Horizonte,5.0,128.0
1867,295,2023-05-14,Roupas,Calca,120.0,1,0,Em transito,Porto Alegre,,120.0
1868,104,2023-10-11,Esportes,Bicicleta,1500.0,5,15,Entregue,Sao Paulo,4.0,6375.0
1869,14,2023-10-27,Livros,Infantil,30.0,4,5,Entregue,Porto Alegre,2.0,114.0
1870,288,2023-10-24,Livros,Romance,40.0,2,5,Em transito,Sao Paulo,,76.0
1871,179,2023-08-02,Casa & Jardim,Vaso,70.0,1,5,Entregue,Rio de Janeiro,5.0,66.5
1872,125,2023-06-01,Casa & Jardim,Vaso,70.0,3,15,Cancelado,Porto Alegre,,178.5
1873,23,2023-03-20,Esportes,Bicicleta,1500.0,4,0,Entregue,Porto Alegre,4.0,6000.0
1874,63,2023-04-11,Livros,Romance,40.0,2,15,Entregue,Curitiba,2.0,68.0
1875,143,2023-06-18,Casa & Jardim,Sofa,900.0,5,5,Entregue,Belo Horizonte,4.0,4275.0
1876,153,2023-04-28,Casa & Jardim,Sofa,900.0,1,20,Pendente,Sao Paulo,,720.0
1877,145,2023-07-14,Livros,Infantil,30.0,2,10,Entregue,Sao Paulo,4.0,54.0
1878,225,2023-10-19,Esportes,Bicicleta,1500.0,5,15,Pendente,Curitiba,,6375.0
1879,104,2023-05-06,Casa & Jardim,Luminaria,150.0,2,15,Entregue,Curitiba,4.0,255.0
1880,104,2023-09-13,Livros,Romance,40.0,4,0,Entregue,Belo Horizonte,5.0,160.0
1881,39,2023-10-09,Casa & Jardim,Sofa,900.0,4,0,Entregue,Belo Horizonte,4.0,3600.0
1882,198,2023-12-02,Livros,Infantil,30.0,4,15,Entregue,Porto Alegre,5.0,102.0
1883,134,2023-12-17,Roupas,Short,60.0,1,5,Cancelado,Rio de Janeiro,,57.0
1884,67,2023-06-22,Casa & Jardim,Luminaria,150.0,4,10,Entregue,Belo Horizonte,5.0,540.0
1885,179,2023-05-12,Esportes,Tenis,250.0,5,0,Pendente,Curitiba,,1250.0
1886,42,2023-09-08,Livros,Infantil,30.0,2,5,Pendente,Belo Horizonte,,57.0
1887,15,2023-11-25,Eletronicos,Camera,800.0,3,20,Entregue,Sao Paulo,3.0,1920.0
1888,111,2023-09-09,Livros,Tecnico,120.0,5,0,Entregue,Rio de Janeiro,3.0,600.0
1889,157,2023-08-24,Casa & Jardim,Sofa,900.0,5,5,Entregue,Porto Alegre,5.0,4275.0
1890,289,2023-03-28,Livros,Romance,40.0,4,5,Entregue,Sao Paulo,5.0,152.0
1891,231,2023-06-30,Esportes,Haltere,200.0,1,10,Entregue,Sao Paulo,4.0,180.0
1892,157,2023-03-28,Casa & Jardim,Sofa,900.0,2,10,Entregue,Rio de Janeiro,3.0,1620.0
1893,38,2023-03-13,Casa & Jardim,Vaso,70.0,1,20,Entregue,Porto Alegre,3.0,56.0
1894,97,2023-10-07,Roupas,Blusa,80.0,2,5,Entregue,Curitiba,5.0,152.0
1895,289,2023-09-08,Casa & Jardim,Vaso,70.0,2,5,Entregue,Porto Alegre,4.0,133.0
1896,254,2023-04-05,Roupas,Blusa,80.0,1,10,Entregue,Belo Horizonte,3.0,72.0
1897,196,2023-10-05,Roupas,Blusa,80.0,5,0,Entregue,Sao Paulo,4.0,400.0
1898,86,2023-11-25,Eletronicos,Camera,800.0,2,0,Pendente,Belo Horizonte,,1600.0
1899,10,2023-01-31,Eletronicos,Relogio,350.0,1,15,Entregue,Curitiba,3.0,297.5
1900,5,2023-09-26,Livros,Infantil,30.0,2,10,Entregue,Belo Horizonte,4.0,54.0
1901,123,2023-01-18,Livros,Romance,40.0,3,15,Pendente,Porto Alegre,,102.0
1902,118,2023-02-08,Casa & Jardim,Luminaria,150.0,5,10,Entregue,Belo Horizonte,5.0,675.0
1903,294,2023-12-09,Roupas,Calca,120.0,4,20,Entregue,Curitiba,3.0,384.0
1904,159,2023-01-25,Esportes,Tenis,250.0,2,5,Entregue,Curitiba,2.0,475.0
1905,228,2023-01-04,Roupas,Blusa,80.0,3,20,Entregue,Curitiba,3.0,192.0
1906,216,2023-07-31,Livros,Romance,40.0,4,10,Entregue,Porto Alegre,5.0,144.0
1907,184,2023-03-12,Esportes,Tenis,250.0,4,5,Entregue,Curitiba,4.0,950.0
1908,15,2023-11-19,Esportes,Bicicleta,1500.0,2,0,Entregue,Sao Paulo,4.0,3000.0
1909,157,2023-04-29,Roupas,Short,60.0,1,0,Entregue,Curitiba,1.0,60.0
1910,136,2023-02-04,Livros,Tecnico,120.0,2,15,Pendente,Belo Horizonte,,204.0
1911,261,2023-12-29,Esportes,Tenis,250.0,3,10,Cancelado,Belo Horizonte,,675.0
1912,157,2023-03-19,Livros,Romance,40.0,4,10,Entregue,Belo Horizonte,5.0,144.0
1913,47,2023-01-05,Casa & Jardim,Vaso,70.0,2,0,Pendente,Porto Alegre,,140.0
1914,173,2023-04-22,Roupas,Short,60.0,1,20,Entregue,Belo Horizonte,2.0,48.0
1915,130,2023-09-16,Livros,Tecnico,120.0,2,5,Entregue,Porto Alegre,4.0,228.0
1916,95,2023-08-22,Esportes,Bicicleta,1500.0,5,20,Pendente,Porto Alegre,,6000.0
1917,115,2023-07-11,Esportes,Haltere,200.0,1,20,Entregue,Curitiba,4.0,160.0
1918,243,2023-01-31,Livros,Tecnico,120.0,3,0,Entregue,Sao Paulo,5.0,360.0
1919,292,2023-11-13,Roupas,Blusa,80.0,4,0,Entregue,Curitiba,2.0,320.0
1920,282,2023-11-23,Livros,Romance,40.0,2,0,Entregue,Curitiba,5.0,80.0
1921,299,2023-12-08,Casa & Jardim,Sofa,900.0,1,15,Cancelado,Porto Alegre,,765.0
1922,283,2023-11-12,Esportes,Bicicleta,1500.0,5,20,Cancelado,Porto Alegre,,6000.0
1923,69,2023-09-05,Livros,Romance,40.0,1,10,Pendente,Belo Horizonte,,36.0
1924,148,2023-12-04,Livros,Romance,40.0,5,5,Pendente,Belo Horizonte,,190.0
1925,11,2023-09-07,Casa & Jardim,Sofa,900.0,3,15,Entregue,Curitiba,5.0,2295.0
1926,254,2023-01-09,Roupas,Short,60.0,4,10,Entregue,Rio de Janeiro,3.0,216.0
1927,38,2023-01-04,Esportes,Haltere,200.0,3,20,Entregue,Rio de Janeiro,3.0,480.0
1928,134,2023-09-30,Roupas,Short,60.0,2,0,Entregue,Belo Horizonte,5.0,120.0
1929,200,2023-10-10,Eletronicos,Celular,1200.0,1,20,Entregue,Rio de Janeiro,5.0,960.0
1930,23,2023-07-30,Esportes,Bicicleta,1500.0,5,5,Em transito,Belo Horizonte,,7125.0
1931,218,2023-01-07,Eletronicos,Camera,800.0,5,15,Entregue,Porto Alegre,3.0,3400.0
1932,141,2023-01-09,Eletronicos,Camera,800.0,1,15,Entregue,Curitiba,5.0,680.0
1933,104,2023-09-29,Livros,Tecnico,120.0,1,5,Entregue,Sao Paulo,5.0,114.0
1934,210,2023-05-21,Roupas,Short,60.0,2,10,Entregue,Curitiba,2.0,108.0
1935,111,2023-10-02,Eletronicos,Camera,800.0,3,10,Pendente,Belo Horizonte,,2160.0
1936,104,2023-05-27,Roupas,Blusa,80.0,5,15,Entregue,Belo Horizonte,3.0,340.0
1937,171,2023-01-09,Casa & Jardim,Sofa,900.0,2,15,Entregue,Curitiba,3.0,1530.0
1938,133,2023-09-15,Casa & Jardim,Sofa,900.0,3,0,Pendente,Belo Horizonte,,2700.0
1939,293,2023-12-24,Roupas,Blusa,80.0,2,10,Entregue,Rio de Janeiro,4.0,144.0
1940,127,2023-12-12,Casa & Jardim,Vaso,70.0,5,5,Entregue,Rio de Janeiro,5.0,332.5
1941,106,2023-08-09,Roupas,Calca,120.0,1,10,Entregue,Belo Horizonte,5.0,108.0
1942,92,2023-04-02,Esportes,Bicicleta,1500.0,1,0,Pendente,Belo Horizonte,,1500.0
1943,287,2023-02-24,Livros,Romance,40.0,3,15,Entregue,Rio de Janeiro,5.0,102.0
1944,51,2023-02-19,Eletronicos,Celular,1200.0,4,15,Pendente,Belo Horizonte,,4080.0
1945,29,2023-09-26,Casa & Jardim,Sofa,900.0,3,0,Pendente,Belo Horizonte,,2700.0
1946,296,2023-03-18,Roupas,Calca,120.0,4,5,Entregue,Curitiba,3.0,456.0
1947,297,2023-05-04,Livros,Infantil,30.0,2,15,Em transito,Sao Paulo,,51.0
1948,214,2023-04-09,Esportes,Tenis,250.0,2,20,Pendente,Rio de Janeiro,,400.0
1949,267,2023-11-14,Casa & Jardim,Sofa,900.0,5,15,Pendente,Curitiba,,3825.0
1950,257,2023-09-27,Casa & Jardim,Sofa,900.0,4,20,Pendente,Sao Paulo,,2880.0
1951,101,2023-05-10,Eletronicos,Celular,1200.0,5,0,Entregue,Belo Horizonte,4.0,6000.0
1952,110,2023-07-01,Esportes,Haltere,200.0,1,0,Entregue,Belo Horizonte,4.0,200.0
1953,182,2023-05-17,Livros,Tecnico,120.0,4,15,Entregue,Curitiba,4.0,408.0
1954,1,2023-07-23,Eletronicos,Celular,1200.0,3,10,Entregue,Belo Horizonte,5.0,3240.0
1955,55,2023-02-10,Esportes,Haltere,200.0,1,20,Entregue,Porto Alegre,3.0,160.0
1956,149,2023-07-11,Livros,Romance,40.0,1,5,Cancelado,Curitiba,,38.0
1957,137,2023-07-27,Livros,Infantil,30.0,3,15,Pendente,Sao Paulo,,76.5
1958,202,2023-08-24,Roupas,Calca,120.0,1,5,Entregue,Curitiba,4.0,114.0
1959,117,2023-10-17,Roupas,Short,60.0,4,15,Cancelado,Rio de Janeiro,,204.0
1960,154,2023-05-05,Esportes,Tenis,250.0,5,10,Pendente,Curitiba,,1125.0
1961,291,2023-12-23,Livros,Tecnico,120.0,1,10,Entregue,Belo Horizonte,4.0,108.0
1962,63,2023-04-26,Roupas,Calca,120.0,4,10,Entregue,Belo Horizonte,2.0,432.0
1963,244,2023-06-03,Esportes,Tenis,250.0,2,10,Entregue,Porto Alegre,4.0,450.0
1964,25,2023-12-17,Eletronicos,Relogio,350.0,4,0,Pendente,Porto Alegre,,1400.0
1965,90,2023-02-11,Casa & Jardim,Sofa,900.0,5,0,Entregue,Porto Alegre,3.0,4500.0
1966,75,2023-12-01,Livros,Infantil,30.0,4,20,Entregue,Sao Paulo,4.0,96.0
1967,294,2023-11-29,Livros,Infantil,30.0,3,5,Entregue,Porto Alegre,4.0,85.5
1968,210,2023-01-17,Livros,Romance,40.0,5,15,Pendente,Sao Paulo,,170.0
1969,17,2023-02-17,Esportes,Bicicleta,1500.0,2,15,Pendente,Porto Alegre,,2550.0
1970,128,2023-07-27,Eletronicos,Relogio,350.0,3,0,Pendente,Sao Paulo,,1050.0
1971,251,2023-07-14,Esportes,Bicicleta,1500.0,4,15,Em transito,Curitiba,,5100.0
1972,179,2023-07-13,Casa & Jardim,Luminaria,150.0,5,0,Pendente,Curitiba,,750.0
1973,182,2023-10-10,Eletronicos,Camera,800.0,2,20,Cancelado,Belo Horizonte,,1280.0
1974,152,2023-09-01,Eletronicos,Camera,800.0,3,5,Cancelado,Sao Paulo,,2280.0
1975,25,2023-01-29,Roupas,Calca,120.0,2,20,Pendente,Rio de Janeiro,,192.0
1976,180,2023-11-23,Eletronicos,Relogio,350.0,4,10,Entregue,Belo Horizonte,4.0,1260.0
1977,198,2023-01-05,Casa & Jardim,Sofa,900.0,2,10,Entregue,Curitiba,5.0,1620.0
1978,161,2023-12-26,Eletronicos,Camera,800.0,1,10,Entregue,Sao Paulo,4.0,720.0
1979,177,2023-03-29,Livros,Tecnico,120.0,3,20,Entregue,Porto Alegre,4.0,288.0
1980,285,2023-02-12,Roupas,Calca,120.0,2,15,Entregue,Rio de Janeiro,5.0,204.0
1981,63,2023-09-13,Esportes,Haltere,200.0,4,5,Entregue,Curitiba,5.0,760.0
1982,150,2023-08-11,Esportes,Haltere,200.0,4,10,Em transito,Belo Horizonte,,720.0
1983,154,2023-11-27,Roupas,Blusa,80.0,2,10,Cancelado,Sao Paulo,,144.0
1984,156,2023-06-19,Eletronicos,Relogio,350.0,4,10,Pendente,Rio de Janeiro,,1260.0
1985,49,2023-10-17,Esportes,Tenis,250.0,5,5,Entregue,Sao Paulo,4.0,1187.5
1986,84,2023-02-18,Casa & Jardim,Sofa,900.0,5,10,Entregue,Porto Alegre,4.0,4050.0
1987,177,2023-09-28,Eletronicos,Celular,1200.0,5,5,Entregue,Belo Horizonte,4.0,5700.0
1988,148,2023-01-22,Eletronicos,Camera,800.0,1,10,Entregue,Sao Paulo,5.0,720.0
1989,118,2023-04-28,Casa & Jardim,Luminaria,150.0,2,20,Entregue,Curitiba,4.0,240.0
1990,63,2023-04-19,Esportes,Haltere,200.0,1,20,Entregue,Belo Horizonte,2.0,160.0
1991,189,2023-12-21,Esportes,Bicicleta,1500.0,4,5,Cancelado,Curitiba,,5700.0
1992,49,2023-10-18,Eletronicos,Relogio,350.0,1,20,Pendente,Sao Paulo,,280.0
1993,257,2023-09-01,Roupas,Short,60.0,4,5,Entregue,Belo Horizonte,2.0,228.0
1994,224,2023-05-19,Casa & Jardim,Sofa,900.0,4,20,Entregue,Curitiba,4.0,2880.0
1995,141,2023-01-24,Casa & Jardim,Vaso,70.0,3,20,Entregue,Porto Alegre,4.0,168.0
1996,215,2023-02-08,Eletronicos,Camera,800.0,5,5,Entregue,Porto Alegre,5.0,3800.0
1997,211,2023-12-17,Esportes,Bicicleta,1500.0,4,15,Cancelado,Sao Paulo,,5100.0
1998,32,2023-05-24,Esportes,Bicicleta,1500.0,3,20,Entregue,Belo Horizonte,5.0,3600.0
1999,158,2023-10-06,Casa & Jardim,Sofa,900.0,5,10,Entregue,Rio de Janeiro,4.0,4050.0
2000,285,2023-10-16,Esportes,Haltere,200.0,4,15,Entregue,Belo Horizonte,2.0,680.0
